{
    "AX": {
        "error": 0.0064469703026577285, 
        "filter_outliers_dict": {
            "filter_outliers": true, 
            "iterations": 1, 
            "std_devs": 2
        }, 
        "fit": "average", 
        "value": -0.08440106510793638
    }, 
    "CDD": {
        "error": 5.990951024119984e-06, 
        "filter_outliers_dict": {
            "filter_outliers": true, 
            "iterations": 1, 
            "std_devs": 10
        }, 
        "fit": "average", 
        "value": 9.924360794098833e-06
    }, 
    "H1": {
        "error": 0.01899064380284851, 
        "filter_outliers_dict": {
            "filter_outliers": true, 
            "iterations": 1, 
            "std_devs": 2
        }, 
        "fit": "average", 
        "value": -0.740950601569445
    }, 
    "H2": {
        "error": 0.0059114385322492835, 
        "filter_outliers_dict": {
            "filter_outliers": true, 
            "iterations": 1, 
            "std_devs": 2
        }, 
        "fit": "average", 
        "value": -0.1936494821009647
    }, 
    "L1": {
        "error": 0.002965327874576156, 
        "filter_outliers_dict": {
            "filter_outliers": true, 
            "iterations": 1, 
            "std_devs": 2
        }, 
        "fit": "average", 
        "value": -0.02320901860338092
    }, 
    "L2": {
        "error": 0.0055168301858336335, 
        "filter_outliers_dict": {
            "filter_outliers": true, 
            "iterations": 1, 
            "std_devs": 2
        }, 
        "fit": "average", 
        "value": -0.034578076850110905
    }
}