{
    "Ar36": {
        "error": 0.000189974153002552, 
        "filter_outliers_dict": {
            "filter_outliers": true, 
            "iterations": 2, 
            "std_devs": 2
        }, 
        "fit": "Parabolic", 
        "value": 0.0014727859344214563
    }, 
    "Ar37": {
        "error": 0.011818856178602646, 
        "filter_outliers_dict": {
            "filter_outliers": true, 
            "iterations": 2, 
            "std_devs": 2
        }, 
        "fit": "linear", 
        "value": -0.804623687642421
    }, 
    "Ar38": {
        "error": 0.014853530114375898, 
        "filter_outliers_dict": {
            "filter_outliers": true, 
            "iterations": 2, 
            "std_devs": 2
        }, 
        "fit": "linear", 
        "value": -0.11539106058081278
    }, 
    "Ar39": {
        "error": 0.02689678212299636, 
        "filter_outliers_dict": {
            "filter_outliers": true, 
            "iterations": 2, 
            "std_devs": 2
        }, 
        "fit": "Parabolic", 
        "value": -0.15914860422953203
    }, 
    "Ar40": {
        "error": 0.01988254180966876, 
        "filter_outliers_dict": {
            "filter_outliers": true, 
            "iterations": 2, 
            "std_devs": 2
        }, 
        "fit": "Parabolic", 
        "value": 0.27111272532154396
    }
}