{
    "Ar36": {
        "error": 0.0001439031850059896, 
        "filter_outliers_dict": {
            "filter_outliers": true, 
            "iterations": 2, 
            "std_devs": 2
        }, 
        "fit": "Parabolic", 
        "value": 0.001347202881199652
    }, 
    "Ar37": {
        "error": 0.012497751783156196, 
        "filter_outliers_dict": {
            "filter_outliers": true, 
            "iterations": 2, 
            "std_devs": 2
        }, 
        "fit": "linear", 
        "value": -0.22688892417908219
    }, 
    "Ar38": {
        "error": 0.012996383511398387, 
        "filter_outliers_dict": {
            "filter_outliers": true, 
            "iterations": 2, 
            "std_devs": 2
        }, 
        "fit": "linear", 
        "value": -0.09771294788328697
    }, 
    "Ar39": {
        "error": 0.024381213491282645, 
        "filter_outliers_dict": {
            "filter_outliers": true, 
            "iterations": 2, 
            "std_devs": 2
        }, 
        "fit": "Parabolic", 
        "value": -0.007097586998903441
    }, 
    "Ar40": {
        "error": 0.019797465792168522, 
        "filter_outliers_dict": {
            "filter_outliers": true, 
            "iterations": 2, 
            "std_devs": 2
        }, 
        "fit": "Parabolic", 
        "value": 0.29727561690433907
    }
}