{
    "Ar36": {
        "error": 0.0001548783136337301, 
        "filter_outliers_dict": {
            "filter_outliers": true, 
            "iterations": 2, 
            "std_devs": 2
        }, 
        "fit": "Parabolic", 
        "value": 0.0011329100523831681
    }, 
    "Ar37": {
        "error": 0.011854913537847532, 
        "filter_outliers_dict": {
            "filter_outliers": true, 
            "iterations": 2, 
            "std_devs": 2
        }, 
        "fit": "linear", 
        "value": -0.34149253852562295
    }, 
    "Ar38": {
        "error": 0.013174515390803719, 
        "filter_outliers_dict": {
            "filter_outliers": true, 
            "iterations": 2, 
            "std_devs": 2
        }, 
        "fit": "linear", 
        "value": -0.11076162765115659
    }, 
    "Ar39": {
        "error": 0.02593509892527923, 
        "filter_outliers_dict": {
            "filter_outliers": true, 
            "iterations": 2, 
            "std_devs": 2
        }, 
        "fit": "Parabolic", 
        "value": -0.022020169009091595
    }, 
    "Ar40": {
        "error": 0.02042272850312507, 
        "filter_outliers_dict": {
            "filter_outliers": true, 
            "iterations": 2, 
            "std_devs": 2
        }, 
        "fit": "Parabolic", 
        "value": 0.31060752024983285
    }
}