{
    "Ar36": {
        "error": 0.0003071073969041727, 
        "filter_outliers_dict": {
            "filter_outliers": true, 
            "iterations": 2, 
            "std_devs": 2
        }, 
        "fit": "Parabolic", 
        "value": 0.013211295635289461
    }, 
    "Ar37": {
        "error": 0.013119829471830444, 
        "filter_outliers_dict": {
            "filter_outliers": true, 
            "iterations": 2, 
            "std_devs": 2
        }, 
        "fit": "linear", 
        "value": -0.2343874936179216
    }, 
    "Ar38": {
        "error": 0.011840874285973161, 
        "filter_outliers_dict": {
            "filter_outliers": true, 
            "iterations": 2, 
            "std_devs": 2
        }, 
        "fit": "linear", 
        "value": -0.07278746293132302
    }, 
    "Ar39": {
        "error": 0.02063221074079875, 
        "filter_outliers_dict": {
            "filter_outliers": true, 
            "iterations": 2, 
            "std_devs": 2
        }, 
        "fit": "Parabolic", 
        "value": 4.498877962760853
    }, 
    "Ar40": {
        "error": 0.05463158614253247, 
        "filter_outliers_dict": {
            "filter_outliers": true, 
            "iterations": 2, 
            "std_devs": 2
        }, 
        "fit": "Parabolic", 
        "value": 743.096391720251
    }
}