{
    "Ar36": {
        "error": 0.0008426193214188178, 
        "filter_outliers_dict": {
            "filter_outliers": true, 
            "iterations": 1, 
            "std_devs": 2
        }, 
        "fit": "Linear", 
        "value": 0.12860176559695954
    }, 
    "Ar37": {
        "error": 0.009554529875126226, 
        "filter_outliers_dict": {
            "filter_outliers": true, 
            "iterations": 1, 
            "std_devs": 2
        }, 
        "fit": "linear", 
        "value": 0.024340815015275238
    }, 
    "Ar38": {
        "error": 0.005324213353977831, 
        "filter_outliers_dict": {
            "filter_outliers": true, 
            "iterations": 1, 
            "std_devs": 2
        }, 
        "fit": "linear", 
        "value": 0.4024157768355496
    }, 
    "Ar39": {
        "error": 0.012782930375132385, 
        "filter_outliers_dict": {
            "filter_outliers": true, 
            "iterations": 1, 
            "std_devs": 2
        }, 
        "fit": "Linear", 
        "value": 2.8513744525334745
    }, 
    "Ar40": {
        "error": 0.3631171581816841, 
        "filter_outliers_dict": {
            "filter_outliers": true, 
            "iterations": 1, 
            "std_devs": 2
        }, 
        "fit": "Linear", 
        "value": 10047.961910460706
    }, 
    "PM41": {
        "error": 0.08042100978948793, 
        "filter_outliers_dict": {
            "filter_outliers": false, 
            "iterations": 1, 
            "std_devs": 2
        }, 
        "fit": "linear", 
        "value": 0.31546587449706015
    }
}