{
    "Ar36": {
        "error": 0.00028909366325567595, 
        "filter_outliers_dict": {
            "filter_outliers": true, 
            "iterations": 1, 
            "std_devs": 2
        }, 
        "fit": "Linear", 
        "value": 0.008871461804170784
    }, 
    "Ar37": {
        "error": 0.01017801870414093, 
        "filter_outliers_dict": {
            "filter_outliers": true, 
            "iterations": 1, 
            "std_devs": 2
        }, 
        "fit": "linear", 
        "value": 0.011118056380134267
    }, 
    "Ar38": {
        "error": 0.004232636466155407, 
        "filter_outliers_dict": {
            "filter_outliers": true, 
            "iterations": 1, 
            "std_devs": 2
        }, 
        "fit": "linear", 
        "value": 0.03511290204407508
    }, 
    "Ar39": {
        "error": 0.011808764458470167, 
        "filter_outliers_dict": {
            "filter_outliers": true, 
            "iterations": 1, 
            "std_devs": 2
        }, 
        "fit": "Linear", 
        "value": 2.918032926114457
    }, 
    "Ar40": {
        "error": 0.03671958249288301, 
        "filter_outliers_dict": {
            "filter_outliers": true, 
            "iterations": 1, 
            "std_devs": 2
        }, 
        "fit": "Linear", 
        "value": 510.1874388304327
    }, 
    "Ar41": {
        "error": 0.005662083618654893, 
        "filter_outliers_dict": {
            "filter_outliers": true, 
            "iterations": 1, 
            "std_devs": 2
        }, 
        "fit": "Average", 
        "value": -0.1346373302346261
    }
}