{
    "Ar36": {
        "error": 0.0003653295405513126, 
        "filter_outliers_dict": {
            "filter_outliers": true, 
            "iterations": 2, 
            "std_devs": 2
        }, 
        "fit": "Parabolic", 
        "value": 0.014964852724063612
    }, 
    "Ar37": {
        "error": 0.0115928212313346, 
        "filter_outliers_dict": {
            "filter_outliers": true, 
            "iterations": 2, 
            "std_devs": 2
        }, 
        "fit": "linear", 
        "value": -0.30358963394926747
    }, 
    "Ar38": {
        "error": 0.012703852561975894, 
        "filter_outliers_dict": {
            "filter_outliers": true, 
            "iterations": 2, 
            "std_devs": 2
        }, 
        "fit": "linear", 
        "value": 0.02792711685251044
    }, 
    "Ar39": {
        "error": 0.023195583425807558, 
        "filter_outliers_dict": {
            "filter_outliers": true, 
            "iterations": 2, 
            "std_devs": 2
        }, 
        "fit": "Parabolic", 
        "value": 9.505128494668579
    }, 
    "Ar40": {
        "error": 0.08740323708542706, 
        "filter_outliers_dict": {
            "filter_outliers": true, 
            "iterations": 2, 
            "std_devs": 2
        }, 
        "fit": "Parabolic", 
        "value": 1780.926544825934
    }
}