{
    "Ar36": {
        "error": 0.0002581096256616363, 
        "filter_outliers_dict": {
            "filter_outliers": true, 
            "iterations": 1, 
            "std_devs": 2
        }, 
        "fit": "Linear", 
        "value": 0.009827207793181221
    }, 
    "Ar37": {
        "error": 0.009920229846301344, 
        "filter_outliers_dict": {
            "filter_outliers": true, 
            "iterations": 1, 
            "std_devs": 2
        }, 
        "fit": "linear", 
        "value": 0.0336058040986811
    }, 
    "Ar38": {
        "error": 0.0044046159109506185, 
        "filter_outliers_dict": {
            "filter_outliers": true, 
            "iterations": 1, 
            "std_devs": 2
        }, 
        "fit": "linear", 
        "value": 0.09385053088173737
    }, 
    "Ar39": {
        "error": 0.012784172767484758, 
        "filter_outliers_dict": {
            "filter_outliers": true, 
            "iterations": 1, 
            "std_devs": 2
        }, 
        "fit": "Linear", 
        "value": 8.096455118405807
    }, 
    "Ar40": {
        "error": 0.07524242863379062, 
        "filter_outliers_dict": {
            "filter_outliers": true, 
            "iterations": 1, 
            "std_devs": 2
        }, 
        "fit": "Linear", 
        "value": 1523.926981840376
    }, 
    "PM41": {
        "error": 0.06917997659000014, 
        "filter_outliers_dict": {
            "filter_outliers": false, 
            "iterations": 1, 
            "std_devs": 2
        }, 
        "fit": "linear", 
        "value": -0.07452445080683874
    }
}