{
    "Ar36": {
        "error": 0.000296127390251589, 
        "filter_outliers_dict": {
            "filter_outliers": true, 
            "iterations": 2, 
            "std_devs": 2
        }, 
        "fit": "Parabolic", 
        "value": 0.0018588893774366848
    }, 
    "Ar37": {
        "error": 0.012197537236271514, 
        "filter_outliers_dict": {
            "filter_outliers": true, 
            "iterations": 2, 
            "std_devs": 2
        }, 
        "fit": "linear", 
        "value": -0.31493482938629547
    }, 
    "Ar38": {
        "error": 0.013258063517898192, 
        "filter_outliers_dict": {
            "filter_outliers": true, 
            "iterations": 2, 
            "std_devs": 2
        }, 
        "fit": "linear", 
        "value": -0.1078356273811736
    }, 
    "Ar39": {
        "error": 0.023988108013605645, 
        "filter_outliers_dict": {
            "filter_outliers": true, 
            "iterations": 2, 
            "std_devs": 2
        }, 
        "fit": "Parabolic", 
        "value": -0.17158113782558615
    }, 
    "Ar40": {
        "error": 0.02228271215358431, 
        "filter_outliers_dict": {
            "filter_outliers": true, 
            "iterations": 2, 
            "std_devs": 2
        }, 
        "fit": "Parabolic", 
        "value": 0.44272424395934856
    }
}