{
    "Ar36": {
        "error": 0.00023128119428170483, 
        "filter_outliers_dict": {
            "filter_outliers": true, 
            "iterations": 2, 
            "std_devs": 2
        }, 
        "fit": "Parabolic", 
        "value": 0.009388314450651275
    }, 
    "Ar37": {
        "error": 0.01238970960926812, 
        "filter_outliers_dict": {
            "filter_outliers": true, 
            "iterations": 2, 
            "std_devs": 2
        }, 
        "fit": "linear", 
        "value": -0.4933708211160892
    }, 
    "Ar38": {
        "error": 0.013021293528920678, 
        "filter_outliers_dict": {
            "filter_outliers": true, 
            "iterations": 2, 
            "std_devs": 2
        }, 
        "fit": "linear", 
        "value": -0.08614778315279054
    }, 
    "Ar39": {
        "error": 0.021441483584202538, 
        "filter_outliers_dict": {
            "filter_outliers": true, 
            "iterations": 2, 
            "std_devs": 2
        }, 
        "fit": "Parabolic", 
        "value": 0.16714373121583087
    }, 
    "Ar40": {
        "error": 0.02130410308222358, 
        "filter_outliers_dict": {
            "filter_outliers": true, 
            "iterations": 2, 
            "std_devs": 2
        }, 
        "fit": "Parabolic", 
        "value": 24.496922399382434
    }
}