{
    "Ar36": {
        "error": 0.00020279598638003359, 
        "filter_outliers_dict": {
            "filter_outliers": true, 
            "iterations": 2, 
            "std_devs": 2
        }, 
        "fit": "Parabolic", 
        "value": 0.006511100445392909
    }, 
    "Ar37": {
        "error": 0.01045771812183727, 
        "filter_outliers_dict": {
            "filter_outliers": true, 
            "iterations": 2, 
            "std_devs": 2
        }, 
        "fit": "linear", 
        "value": -0.5008124630081782
    }, 
    "Ar38": {
        "error": 0.011846140449941424, 
        "filter_outliers_dict": {
            "filter_outliers": true, 
            "iterations": 2, 
            "std_devs": 2
        }, 
        "fit": "linear", 
        "value": 0.1352211118362037
    }, 
    "Ar39": {
        "error": 0.022720018754779782, 
        "filter_outliers_dict": {
            "filter_outliers": true, 
            "iterations": 2, 
            "std_devs": 2
        }, 
        "fit": "Parabolic", 
        "value": 2.01714573903806
    }, 
    "Ar40": {
        "error": 0.032088956971727, 
        "filter_outliers_dict": {
            "filter_outliers": true, 
            "iterations": 2, 
            "std_devs": 2
        }, 
        "fit": "Parabolic", 
        "value": 190.92646454734324
    }
}