{
    "Ar36": {
        "error": 0.0003625145650747103, 
        "filter_outliers_dict": {
            "filter_outliers": true, 
            "iterations": 2, 
            "std_devs": 2
        }, 
        "fit": "Parabolic", 
        "value": 0.026575127580458005
    }, 
    "Ar37": {
        "error": 0.01149192360392113, 
        "filter_outliers_dict": {
            "filter_outliers": true, 
            "iterations": 2, 
            "std_devs": 2
        }, 
        "fit": "linear", 
        "value": -0.43687192056935287
    }, 
    "Ar38": {
        "error": 0.01299793984277414, 
        "filter_outliers_dict": {
            "filter_outliers": true, 
            "iterations": 2, 
            "std_devs": 2
        }, 
        "fit": "linear", 
        "value": 0.4610253641196045
    }, 
    "Ar39": {
        "error": 0.021730793496485525, 
        "filter_outliers_dict": {
            "filter_outliers": true, 
            "iterations": 2, 
            "std_devs": 2
        }, 
        "fit": "Parabolic", 
        "value": 4.4455392478338664
    }, 
    "Ar40": {
        "error": 0.037504367026135646, 
        "filter_outliers_dict": {
            "filter_outliers": true, 
            "iterations": 2, 
            "std_devs": 2
        }, 
        "fit": "Parabolic", 
        "value": 375.31181149997144
    }
}