{
    "Ar36": {
        "error": 0.00025930559312769543, 
        "filter_outliers_dict": {
            "filter_outliers": true, 
            "iterations": 2, 
            "std_devs": 2
        }, 
        "fit": "Parabolic", 
        "value": 0.012542279129732332
    }, 
    "Ar37": {
        "error": 0.011507540325133285, 
        "filter_outliers_dict": {
            "filter_outliers": true, 
            "iterations": 2, 
            "std_devs": 2
        }, 
        "fit": "linear", 
        "value": -0.34018931320296203
    }, 
    "Ar38": {
        "error": 0.011586090050827237, 
        "filter_outliers_dict": {
            "filter_outliers": true, 
            "iterations": 2, 
            "std_devs": 2
        }, 
        "fit": "linear", 
        "value": -0.0994302206641724
    }, 
    "Ar39": {
        "error": 0.023490522914984387, 
        "filter_outliers_dict": {
            "filter_outliers": true, 
            "iterations": 2, 
            "std_devs": 2
        }, 
        "fit": "Parabolic", 
        "value": 0.3688445449611059
    }, 
    "Ar40": {
        "error": 0.021019927891877045, 
        "filter_outliers_dict": {
            "filter_outliers": true, 
            "iterations": 2, 
            "std_devs": 2
        }, 
        "fit": "Parabolic", 
        "value": 32.439608622802744
    }
}