{
    "Ar36": {
        "error": 0.00023430858947107386, 
        "filter_outliers_dict": {
            "filter_outliers": true, 
            "iterations": 1, 
            "std_devs": 2
        }, 
        "fit": "Linear", 
        "value": 0.005477062745123609
    }, 
    "Ar37": {
        "error": 0.01101720121140127, 
        "filter_outliers_dict": {
            "filter_outliers": true, 
            "iterations": 1, 
            "std_devs": 2
        }, 
        "fit": "linear", 
        "value": 0.028159475561863188
    }, 
    "Ar38": {
        "error": 0.004543487333300813, 
        "filter_outliers_dict": {
            "filter_outliers": true, 
            "iterations": 1, 
            "std_devs": 2
        }, 
        "fit": "linear", 
        "value": -0.016060156828848836
    }, 
    "Ar39": {
        "error": 0.012264165286427419, 
        "filter_outliers_dict": {
            "filter_outliers": true, 
            "iterations": 1, 
            "std_devs": 2
        }, 
        "fit": "Linear", 
        "value": -0.004033884395955755
    }, 
    "Ar40": {
        "error": 0.00895339848591564, 
        "filter_outliers_dict": {
            "filter_outliers": true, 
            "iterations": 1, 
            "std_devs": 2
        }, 
        "fit": "Linear", 
        "value": 7.550924818975771
    }, 
    "PM41": {
        "error": 0.0581594745353557, 
        "filter_outliers_dict": {
            "filter_outliers": false, 
            "iterations": 1, 
            "std_devs": 2
        }, 
        "fit": "linear", 
        "value": -0.1719789814077656
    }
}