{
    "Ar36": {
        "error": 0.0006535404470146786, 
        "filter_outliers_dict": {
            "filter_outliers": true, 
            "iterations": 1, 
            "std_devs": 2
        }, 
        "fit": "Linear", 
        "value": 0.06833228790795597
    }, 
    "Ar37": {
        "error": 0.009401594946702613, 
        "filter_outliers_dict": {
            "filter_outliers": true, 
            "iterations": 1, 
            "std_devs": 2
        }, 
        "fit": "linear", 
        "value": 0.017039066720336938
    }, 
    "Ar38": {
        "error": 0.0048406474563391436, 
        "filter_outliers_dict": {
            "filter_outliers": true, 
            "iterations": 1, 
            "std_devs": 2
        }, 
        "fit": "linear", 
        "value": 0.026971237170041143
    }, 
    "Ar39": {
        "error": 0.011836219425690178, 
        "filter_outliers_dict": {
            "filter_outliers": true, 
            "iterations": 1, 
            "std_devs": 2
        }, 
        "fit": "Linear", 
        "value": 2.325423270688966
    }, 
    "Ar40": {
        "error": 0.02130292003843866, 
        "filter_outliers_dict": {
            "filter_outliers": true, 
            "iterations": 1, 
            "std_devs": 2
        }, 
        "fit": "Linear", 
        "value": 184.25413089173793
    }, 
    "PM41": {
        "error": 0.06382145411139141, 
        "filter_outliers_dict": {
            "filter_outliers": false, 
            "iterations": 1, 
            "std_devs": 2
        }, 
        "fit": "linear", 
        "value": -0.15341673775976605
    }
}