{
    "Ar36": {
        "error": 0.0011294102799748824, 
        "filter_outliers_dict": {
            "filter_outliers": true, 
            "iterations": 1, 
            "std_devs": 2
        }, 
        "fit": "Linear", 
        "value": 0.2223617587080329
    }, 
    "Ar37": {
        "error": 0.010620773596974099, 
        "filter_outliers_dict": {
            "filter_outliers": true, 
            "iterations": 1, 
            "std_devs": 2
        }, 
        "fit": "linear", 
        "value": 0.016124394737552145
    }, 
    "Ar38": {
        "error": 0.004398519413816151, 
        "filter_outliers_dict": {
            "filter_outliers": true, 
            "iterations": 1, 
            "std_devs": 2
        }, 
        "fit": "linear", 
        "value": 0.23626909232560533
    }, 
    "Ar39": {
        "error": 0.013110162840133726, 
        "filter_outliers_dict": {
            "filter_outliers": true, 
            "iterations": 1, 
            "std_devs": 2
        }, 
        "fit": "Linear", 
        "value": 15.959345102749229
    }, 
    "Ar40": {
        "error": 0.07305661137056857, 
        "filter_outliers_dict": {
            "filter_outliers": true, 
            "iterations": 1, 
            "std_devs": 2
        }, 
        "fit": "Linear", 
        "value": 1099.7430518532608
    }, 
    "PM41": {
        "error": 0.07378084825878385, 
        "filter_outliers_dict": {
            "filter_outliers": false, 
            "iterations": 1, 
            "std_devs": 2
        }, 
        "fit": "linear", 
        "value": -0.09521282432171396
    }
}