{
    "Ar36": {
        "error": 0.004957350134256735, 
        "filter_outliers_dict": {
            "filter_outliers": true, 
            "iterations": 1, 
            "std_devs": 2
        }, 
        "fit": "Linear", 
        "value": 5.501776928660751
    }, 
    "Ar37": {
        "error": 0.010661437410809632, 
        "filter_outliers_dict": {
            "filter_outliers": true, 
            "iterations": 1, 
            "std_devs": 2
        }, 
        "fit": "linear", 
        "value": 0.039161696416286994
    }, 
    "Ar38": {
        "error": 0.005920784211224113, 
        "filter_outliers_dict": {
            "filter_outliers": true, 
            "iterations": 1, 
            "std_devs": 2
        }, 
        "fit": "linear", 
        "value": 3.67215476365677
    }, 
    "Ar39": {
        "error": 0.025458881035266563, 
        "filter_outliers_dict": {
            "filter_outliers": true, 
            "iterations": 1, 
            "std_devs": 2
        }, 
        "fit": "Linear", 
        "value": 191.9821678500723
    }, 
    "Ar40": {
        "error": 0.011870049094330067, 
        "filter_outliers_dict": {
            "filter_outliers": true, 
            "iterations": 1, 
            "std_devs": 2
        }, 
        "fit": "Linear", 
        "value": 5112.480135681493
    }, 
    "PM41": {
        "error": 0.10644661191886938, 
        "filter_outliers_dict": {
            "filter_outliers": false, 
            "iterations": 1, 
            "std_devs": 2
        }, 
        "fit": "linear", 
        "value": 0.4108119230339383
    }
}