{
    "Ar36": {
        "error": 0.0004919811931489746, 
        "filter_outliers_dict": {
            "filter_outliers": true, 
            "iterations": 2, 
            "std_devs": 2
        }, 
        "fit": "Parabolic", 
        "value": 0.03307010476174717
    }, 
    "Ar37": {
        "error": 0.01249066289207976, 
        "filter_outliers_dict": {
            "filter_outliers": true, 
            "iterations": 2, 
            "std_devs": 2
        }, 
        "fit": "linear", 
        "value": -0.005567403145413371
    }, 
    "Ar38": {
        "error": 0.01172321342299635, 
        "filter_outliers_dict": {
            "filter_outliers": true, 
            "iterations": 2, 
            "std_devs": 2
        }, 
        "fit": "linear", 
        "value": 0.25353551449031847
    }, 
    "Ar39": {
        "error": 0.025184480293878833, 
        "filter_outliers_dict": {
            "filter_outliers": true, 
            "iterations": 2, 
            "std_devs": 2
        }, 
        "fit": "Parabolic", 
        "value": 24.86360467541187
    }, 
    "Ar40": {
        "error": 0.12750867764005994, 
        "filter_outliers_dict": {
            "filter_outliers": true, 
            "iterations": 2, 
            "std_devs": 2
        }, 
        "fit": "Parabolic", 
        "value": 2253.637742766091
    }
}