{
    "Ar36": {
        "error": 0.00032522587493036503, 
        "filter_outliers_dict": {
            "filter_outliers": true, 
            "iterations": 1, 
            "std_devs": 2
        }, 
        "fit": "Linear", 
        "value": 0.01567101403130551
    }, 
    "Ar37": {
        "error": 0.011001194443629335, 
        "filter_outliers_dict": {
            "filter_outliers": true, 
            "iterations": 1, 
            "std_devs": 2
        }, 
        "fit": "linear", 
        "value": 0.038341578366409786
    }, 
    "Ar38": {
        "error": 0.004319657070977004, 
        "filter_outliers_dict": {
            "filter_outliers": true, 
            "iterations": 1, 
            "std_devs": 2
        }, 
        "fit": "linear", 
        "value": -0.002488153069631305
    }, 
    "Ar39": {
        "error": 0.010262232339190526, 
        "filter_outliers_dict": {
            "filter_outliers": true, 
            "iterations": 1, 
            "std_devs": 2
        }, 
        "fit": "Linear", 
        "value": 0.814177683382465
    }, 
    "Ar40": {
        "error": 0.015156522252752488, 
        "filter_outliers_dict": {
            "filter_outliers": true, 
            "iterations": 1, 
            "std_devs": 2
        }, 
        "fit": "Linear", 
        "value": 51.69225516334582
    }, 
    "PM41": {
        "error": 0.07580141726622067, 
        "filter_outliers_dict": {
            "filter_outliers": false, 
            "iterations": 1, 
            "std_devs": 2
        }, 
        "fit": "linear", 
        "value": -0.12662634241424447
    }
}