{
    "Ar36": {
        "error": 0.00024237363074148646, 
        "filter_outliers_dict": {
            "filter_outliers": true, 
            "iterations": 1, 
            "std_devs": 2
        }, 
        "fit": "Linear", 
        "value": 0.005202997432744593
    }, 
    "Ar37": {
        "error": 0.009744311673052756, 
        "filter_outliers_dict": {
            "filter_outliers": true, 
            "iterations": 1, 
            "std_devs": 2
        }, 
        "fit": "linear", 
        "value": 0.0089464607750067
    }, 
    "Ar38": {
        "error": 0.004484143948254751, 
        "filter_outliers_dict": {
            "filter_outliers": true, 
            "iterations": 1, 
            "std_devs": 2
        }, 
        "fit": "linear", 
        "value": -0.009645435163213567
    }, 
    "Ar39": {
        "error": 0.009852563309030761, 
        "filter_outliers_dict": {
            "filter_outliers": true, 
            "iterations": 1, 
            "std_devs": 2
        }, 
        "fit": "Linear", 
        "value": -0.037861953298097745
    }, 
    "Ar40": {
        "error": 0.008857322537393289, 
        "filter_outliers_dict": {
            "filter_outliers": true, 
            "iterations": 1, 
            "std_devs": 2
        }, 
        "fit": "Linear", 
        "value": 1.2369461794615872
    }, 
    "PM41": {
        "error": 0.06771924610070269, 
        "filter_outliers_dict": {
            "filter_outliers": false, 
            "iterations": 1, 
            "std_devs": 2
        }, 
        "fit": "linear", 
        "value": -0.1492791581181412
    }
}