{
    "Ar36": {
        "error": 0.0002234219218758515, 
        "filter_outliers_dict": {
            "filter_outliers": true, 
            "iterations": 1, 
            "std_devs": 2
        }, 
        "fit": "Linear", 
        "value": 0.009173751545449539
    }, 
    "Ar37": {
        "error": 0.012533305555065136, 
        "filter_outliers_dict": {
            "filter_outliers": true, 
            "iterations": 1, 
            "std_devs": 2
        }, 
        "fit": "linear", 
        "value": 0.045862435608090765
    }, 
    "Ar38": {
        "error": 0.004701511211554984, 
        "filter_outliers_dict": {
            "filter_outliers": true, 
            "iterations": 1, 
            "std_devs": 2
        }, 
        "fit": "linear", 
        "value": 0.03480602257739931
    }, 
    "Ar39": {
        "error": 0.013152533466128541, 
        "filter_outliers_dict": {
            "filter_outliers": true, 
            "iterations": 1, 
            "std_devs": 2
        }, 
        "fit": "Linear", 
        "value": 4.113997068666877
    }, 
    "Ar40": {
        "error": 0.040354067715660295, 
        "filter_outliers_dict": {
            "filter_outliers": true, 
            "iterations": 1, 
            "std_devs": 2
        }, 
        "fit": "Linear", 
        "value": 220.6021812054897
    }, 
    "PM41": {
        "error": 0.07196864256982761, 
        "filter_outliers_dict": {
            "filter_outliers": false, 
            "iterations": 1, 
            "std_devs": 2
        }, 
        "fit": "linear", 
        "value": -0.13170732506116423
    }
}