{
    "Ar36": {
        "error": 0.00021237179703275906, 
        "filter_outliers_dict": {
            "filter_outliers": true, 
            "iterations": 1, 
            "std_devs": 2
        }, 
        "fit": "Linear", 
        "value": 0.005268541096631019
    }, 
    "Ar37": {
        "error": 0.008897675382150656, 
        "filter_outliers_dict": {
            "filter_outliers": true, 
            "iterations": 1, 
            "std_devs": 2
        }, 
        "fit": "linear", 
        "value": 0.029437604379681445
    }, 
    "Ar38": {
        "error": 0.0042776881140018175, 
        "filter_outliers_dict": {
            "filter_outliers": true, 
            "iterations": 1, 
            "std_devs": 2
        }, 
        "fit": "linear", 
        "value": -0.013938630042785014
    }, 
    "Ar39": {
        "error": 0.010897494080918205, 
        "filter_outliers_dict": {
            "filter_outliers": true, 
            "iterations": 1, 
            "std_devs": 2
        }, 
        "fit": "Linear", 
        "value": -0.036361708713941884
    }, 
    "Ar40": {
        "error": 0.009513086116805623, 
        "filter_outliers_dict": {
            "filter_outliers": true, 
            "iterations": 1, 
            "std_devs": 2
        }, 
        "fit": "Linear", 
        "value": 1.196522437190155
    }, 
    "PM41": {
        "error": 0.06776151280064108, 
        "filter_outliers_dict": {
            "filter_outliers": false, 
            "iterations": 1, 
            "std_devs": 2
        }, 
        "fit": "linear", 
        "value": -0.1996951752460553
    }
}