{
    "Ar36": {
        "error": 0.0004255894599532492, 
        "filter_outliers_dict": {
            "filter_outliers": true, 
            "iterations": 2, 
            "std_devs": 2
        }, 
        "fit": "Parabolic", 
        "value": 0.02932666497930065
    }, 
    "Ar37": {
        "error": 0.011050572246256553, 
        "filter_outliers_dict": {
            "filter_outliers": true, 
            "iterations": 2, 
            "std_devs": 2
        }, 
        "fit": "linear", 
        "value": -0.4652158576873889
    }, 
    "Ar38": {
        "error": 0.013217592547650946, 
        "filter_outliers_dict": {
            "filter_outliers": true, 
            "iterations": 2, 
            "std_devs": 2
        }, 
        "fit": "linear", 
        "value": -0.004089789635604945
    }, 
    "Ar39": {
        "error": 0.023122682752825002, 
        "filter_outliers_dict": {
            "filter_outliers": true, 
            "iterations": 2, 
            "std_devs": 2
        }, 
        "fit": "Parabolic", 
        "value": 6.391742559369666
    }, 
    "Ar40": {
        "error": 0.047827578328586855, 
        "filter_outliers_dict": {
            "filter_outliers": true, 
            "iterations": 2, 
            "std_devs": 2
        }, 
        "fit": "Parabolic", 
        "value": 530.5696607025318
    }
}