{
    "Ar36": {
        "error": 0.00019986401944767677, 
        "filter_outliers_dict": {
            "filter_outliers": true, 
            "iterations": 1, 
            "std_devs": 2
        }, 
        "fit": "Linear", 
        "value": 0.006185272669119484
    }, 
    "Ar37": {
        "error": 0.010247973844579747, 
        "filter_outliers_dict": {
            "filter_outliers": true, 
            "iterations": 1, 
            "std_devs": 2
        }, 
        "fit": "linear", 
        "value": 0.027239422691025104
    }, 
    "Ar38": {
        "error": 0.004207756656266634, 
        "filter_outliers_dict": {
            "filter_outliers": true, 
            "iterations": 1, 
            "std_devs": 2
        }, 
        "fit": "linear", 
        "value": 0.07231050640038927
    }, 
    "Ar39": {
        "error": 0.01216686556596682, 
        "filter_outliers_dict": {
            "filter_outliers": true, 
            "iterations": 1, 
            "std_devs": 2
        }, 
        "fit": "Linear", 
        "value": 6.467953022020366
    }, 
    "Ar40": {
        "error": 0.05553501176035627, 
        "filter_outliers_dict": {
            "filter_outliers": true, 
            "iterations": 1, 
            "std_devs": 2
        }, 
        "fit": "Linear", 
        "value": 501.1240175620486
    }, 
    "PM41": {
        "error": 0.06786403238050116, 
        "filter_outliers_dict": {
            "filter_outliers": false, 
            "iterations": 1, 
            "std_devs": 2
        }, 
        "fit": "linear", 
        "value": -0.08928757134293912
    }
}