{
    "Ar36": {
        "error": 0.00027963412609895773, 
        "filter_outliers_dict": {
            "filter_outliers": true, 
            "iterations": 1, 
            "std_devs": 2
        }, 
        "fit": "Linear", 
        "value": 0.009607643212203865
    }, 
    "Ar37": {
        "error": 0.009687238165116, 
        "filter_outliers_dict": {
            "filter_outliers": true, 
            "iterations": 1, 
            "std_devs": 2
        }, 
        "fit": "linear", 
        "value": 0.025906938272318835
    }, 
    "Ar38": {
        "error": 0.004696657112151505, 
        "filter_outliers_dict": {
            "filter_outliers": true, 
            "iterations": 1, 
            "std_devs": 2
        }, 
        "fit": "linear", 
        "value": -0.0040216365823584075
    }, 
    "Ar39": {
        "error": 0.011599027807927629, 
        "filter_outliers_dict": {
            "filter_outliers": true, 
            "iterations": 1, 
            "std_devs": 2
        }, 
        "fit": "Linear", 
        "value": 0.3881125202418641
    }, 
    "Ar40": {
        "error": 0.0266055229462044, 
        "filter_outliers_dict": {
            "filter_outliers": true, 
            "iterations": 1, 
            "std_devs": 2
        }, 
        "fit": "Linear", 
        "value": 45.47514260871097
    }, 
    "PM41": {
        "error": 0.07767185927290919, 
        "filter_outliers_dict": {
            "filter_outliers": false, 
            "iterations": 1, 
            "std_devs": 2
        }, 
        "fit": "linear", 
        "value": -0.11933353638878264
    }
}