{
    "Ar36": {
        "error": 0.00011782717419343868, 
        "filter_outliers_dict": {
            "filter_outliers": true, 
            "iterations": 1, 
            "std_devs": 2
        }, 
        "fit": "Linear", 
        "value": 0.006462456777365052
    }, 
    "Ar37": {
        "error": 0.0048658498986335575, 
        "filter_outliers_dict": {
            "filter_outliers": true, 
            "iterations": 1, 
            "std_devs": 2
        }, 
        "fit": "linear", 
        "value": 0.030590894300222077
    }, 
    "Ar38": {
        "error": 0.002348490220857111, 
        "filter_outliers_dict": {
            "filter_outliers": true, 
            "iterations": 1, 
            "std_devs": 2
        }, 
        "fit": "linear", 
        "value": -0.020579896141132967
    }, 
    "Ar39": {
        "error": 0.005486938985133124, 
        "filter_outliers_dict": {
            "filter_outliers": true, 
            "iterations": 1, 
            "std_devs": 2
        }, 
        "fit": "Linear", 
        "value": -0.00794309418457566
    }, 
    "Ar40": {
        "error": 0.00920684665626533, 
        "filter_outliers_dict": {
            "filter_outliers": true, 
            "iterations": 1, 
            "std_devs": 2
        }, 
        "fit": "Linear", 
        "value": 1.078341894649798
    }, 
    "Ar41": {
        "error": 0.0017808627287735556, 
        "filter_outliers_dict": {
            "filter_outliers": true, 
            "iterations": 1, 
            "std_devs": 2
        }, 
        "fit": "Average", 
        "value": -0.07477417690864058
    }
}