{
    "Ar36": {
        "error": 0.0002918661792948114, 
        "filter_outliers_dict": {
            "filter_outliers": true, 
            "iterations": 2, 
            "std_devs": 2
        }, 
        "fit": "Parabolic", 
        "value": 0.017634059511175814
    }, 
    "Ar37": {
        "error": 0.01199341221134314, 
        "filter_outliers_dict": {
            "filter_outliers": true, 
            "iterations": 2, 
            "std_devs": 2
        }, 
        "fit": "linear", 
        "value": -0.3464563443216553
    }, 
    "Ar38": {
        "error": 0.012176808653095542, 
        "filter_outliers_dict": {
            "filter_outliers": true, 
            "iterations": 2, 
            "std_devs": 2
        }, 
        "fit": "linear", 
        "value": -0.04273070494969926
    }, 
    "Ar39": {
        "error": 0.019935771583402366, 
        "filter_outliers_dict": {
            "filter_outliers": true, 
            "iterations": 2, 
            "std_devs": 2
        }, 
        "fit": "Parabolic", 
        "value": 2.9561517922187597
    }, 
    "Ar40": {
        "error": 0.03521200886124753, 
        "filter_outliers_dict": {
            "filter_outliers": true, 
            "iterations": 2, 
            "std_devs": 2
        }, 
        "fit": "Parabolic", 
        "value": 247.79163206834784
    }
}