{
    "Ar36": {
        "error": 0.00025341937325328153, 
        "filter_outliers_dict": {
            "filter_outliers": true, 
            "iterations": 2, 
            "std_devs": 2
        }, 
        "fit": "Parabolic", 
        "value": 0.011545980414358475
    }, 
    "Ar37": {
        "error": 0.010692713090035874, 
        "filter_outliers_dict": {
            "filter_outliers": true, 
            "iterations": 2, 
            "std_devs": 2
        }, 
        "fit": "linear", 
        "value": -0.43283179450792225
    }, 
    "Ar38": {
        "error": 0.0135670075046882, 
        "filter_outliers_dict": {
            "filter_outliers": true, 
            "iterations": 2, 
            "std_devs": 2
        }, 
        "fit": "linear", 
        "value": -0.12174891632359369
    }, 
    "Ar39": {
        "error": 0.021992329835117026, 
        "filter_outliers_dict": {
            "filter_outliers": true, 
            "iterations": 2, 
            "std_devs": 2
        }, 
        "fit": "Parabolic", 
        "value": 0.259897429738786
    }, 
    "Ar40": {
        "error": 0.019898045584750713, 
        "filter_outliers_dict": {
            "filter_outliers": true, 
            "iterations": 2, 
            "std_devs": 2
        }, 
        "fit": "Parabolic", 
        "value": 13.244365272043266
    }
}