{
    "Ar36": {
        "error": 0.00019740591188003798, 
        "filter_outliers_dict": {
            "filter_outliers": true, 
            "iterations": 2, 
            "std_devs": 2
        }, 
        "fit": "Parabolic", 
        "value": 0.0068976624097124755
    }, 
    "Ar37": {
        "error": 0.011230746702614225, 
        "filter_outliers_dict": {
            "filter_outliers": true, 
            "iterations": 2, 
            "std_devs": 2
        }, 
        "fit": "linear", 
        "value": -0.361468659678016
    }, 
    "Ar38": {
        "error": 0.012008039141175583, 
        "filter_outliers_dict": {
            "filter_outliers": true, 
            "iterations": 2, 
            "std_devs": 2
        }, 
        "fit": "linear", 
        "value": -0.09751011312640703
    }, 
    "Ar39": {
        "error": 0.02141578582458465, 
        "filter_outliers_dict": {
            "filter_outliers": true, 
            "iterations": 2, 
            "std_devs": 2
        }, 
        "fit": "Parabolic", 
        "value": 0.012925094041425406
    }, 
    "Ar40": {
        "error": 0.01886822441515982, 
        "filter_outliers_dict": {
            "filter_outliers": true, 
            "iterations": 2, 
            "std_devs": 2
        }, 
        "fit": "Parabolic", 
        "value": 3.44912524068807
    }
}