{
    "Ar36": {
        "error": 0.0001664825482459864, 
        "filter_outliers_dict": {
            "filter_outliers": true, 
            "iterations": 1, 
            "std_devs": 2
        }, 
        "fit": "Linear", 
        "value": 0.014834191214748344
    }, 
    "Ar37": {
        "error": 0.004946250939862053, 
        "filter_outliers_dict": {
            "filter_outliers": true, 
            "iterations": 1, 
            "std_devs": 2
        }, 
        "fit": "linear", 
        "value": 0.03821961728129668
    }, 
    "Ar38": {
        "error": 0.0022081532785833023, 
        "filter_outliers_dict": {
            "filter_outliers": true, 
            "iterations": 1, 
            "std_devs": 2
        }, 
        "fit": "linear", 
        "value": -0.015333561862165869
    }, 
    "Ar39": {
        "error": 0.005658766649459841, 
        "filter_outliers_dict": {
            "filter_outliers": true, 
            "iterations": 1, 
            "std_devs": 2
        }, 
        "fit": "Linear", 
        "value": 0.09318556284259555
    }, 
    "Ar40": {
        "error": 0.0095142474773242, 
        "filter_outliers_dict": {
            "filter_outliers": true, 
            "iterations": 1, 
            "std_devs": 2
        }, 
        "fit": "Linear", 
        "value": 7.331744275183663
    }, 
    "Ar41": {
        "error": 0.0017012675410811506, 
        "filter_outliers_dict": {
            "filter_outliers": true, 
            "iterations": 1, 
            "std_devs": 2
        }, 
        "fit": "Average", 
        "value": -0.07483162966330119
    }
}