{
    "Ar36": {
        "error": 0.00019663518709429103, 
        "filter_outliers_dict": {
            "filter_outliers": true, 
            "iterations": 2, 
            "std_devs": 2
        }, 
        "fit": "Parabolic", 
        "value": 0.004938601016142365
    }, 
    "Ar37": {
        "error": 0.011436641314509766, 
        "filter_outliers_dict": {
            "filter_outliers": true, 
            "iterations": 2, 
            "std_devs": 2
        }, 
        "fit": "linear", 
        "value": -0.3432861368861022
    }, 
    "Ar38": {
        "error": 0.012717494856821563, 
        "filter_outliers_dict": {
            "filter_outliers": true, 
            "iterations": 2, 
            "std_devs": 2
        }, 
        "fit": "linear", 
        "value": -0.09500894952910571
    }, 
    "Ar39": {
        "error": 0.022483277045216247, 
        "filter_outliers_dict": {
            "filter_outliers": true, 
            "iterations": 2, 
            "std_devs": 2
        }, 
        "fit": "Parabolic", 
        "value": -0.025503920457955208
    }, 
    "Ar40": {
        "error": 0.01790801446045247, 
        "filter_outliers_dict": {
            "filter_outliers": true, 
            "iterations": 2, 
            "std_devs": 2
        }, 
        "fit": "Parabolic", 
        "value": 1.564651839580165
    }
}