{
    "Ar36": {
        "error": 0.00021660640920850177, 
        "filter_outliers_dict": {
            "filter_outliers": true, 
            "iterations": 2, 
            "std_devs": 2
        }, 
        "fit": "Parabolic", 
        "value": 0.010256670394893131
    }, 
    "Ar37": {
        "error": 0.01132273056902329, 
        "filter_outliers_dict": {
            "filter_outliers": true, 
            "iterations": 2, 
            "std_devs": 2
        }, 
        "fit": "linear", 
        "value": -0.3779221117096697
    }, 
    "Ar38": {
        "error": 0.012417339340179427, 
        "filter_outliers_dict": {
            "filter_outliers": true, 
            "iterations": 2, 
            "std_devs": 2
        }, 
        "fit": "linear", 
        "value": -0.10083264882424371
    }, 
    "Ar39": {
        "error": 0.022444489659523222, 
        "filter_outliers_dict": {
            "filter_outliers": true, 
            "iterations": 2, 
            "std_devs": 2
        }, 
        "fit": "Parabolic", 
        "value": 0.006953896681695774
    }, 
    "Ar40": {
        "error": 0.018185998170276916, 
        "filter_outliers_dict": {
            "filter_outliers": true, 
            "iterations": 2, 
            "std_devs": 2
        }, 
        "fit": "Parabolic", 
        "value": 7.031113222837236
    }
}