{
    "Ar36": {
        "error": 0.00014472334894738672, 
        "filter_outliers_dict": {
            "filter_outliers": true, 
            "iterations": 1, 
            "std_devs": 2
        }, 
        "fit": "Linear", 
        "value": 0.010790913333490318
    }, 
    "Ar37": {
        "error": 0.005254381754995143, 
        "filter_outliers_dict": {
            "filter_outliers": true, 
            "iterations": 1, 
            "std_devs": 2
        }, 
        "fit": "linear", 
        "value": 0.03686256006781467
    }, 
    "Ar38": {
        "error": 0.0022568691054508125, 
        "filter_outliers_dict": {
            "filter_outliers": true, 
            "iterations": 1, 
            "std_devs": 2
        }, 
        "fit": "linear", 
        "value": -0.017342440830531394
    }, 
    "Ar39": {
        "error": 0.005919537891327832, 
        "filter_outliers_dict": {
            "filter_outliers": true, 
            "iterations": 1, 
            "std_devs": 2
        }, 
        "fit": "Linear", 
        "value": 0.42608081439314294
    }, 
    "Ar40": {
        "error": 0.007466579030279731, 
        "filter_outliers_dict": {
            "filter_outliers": true, 
            "iterations": 1, 
            "std_devs": 2
        }, 
        "fit": "Linear", 
        "value": 39.48773875887247
    }, 
    "Ar41": {
        "error": 0.0017120988947090306, 
        "filter_outliers_dict": {
            "filter_outliers": true, 
            "iterations": 1, 
            "std_devs": 2
        }, 
        "fit": "Average", 
        "value": -0.07530521268174083
    }
}