{
    "Ar36": {
        "error": 0.0004422070043731796, 
        "filter_outliers_dict": {
            "filter_outliers": true, 
            "iterations": 1, 
            "std_devs": 2
        }, 
        "fit": "Linear", 
        "value": 0.009394538183649088
    }, 
    "Ar37": {
        "error": 0.017044337579838375, 
        "filter_outliers_dict": {
            "filter_outliers": true, 
            "iterations": 1, 
            "std_devs": 2
        }, 
        "fit": "linear", 
        "value": 0.0748117857128607
    }, 
    "Ar38": {
        "error": 0.008764562493235635, 
        "filter_outliers_dict": {
            "filter_outliers": true, 
            "iterations": 1, 
            "std_devs": 2
        }, 
        "fit": "linear", 
        "value": 0.11585521565293184
    }, 
    "Ar39": {
        "error": 0.022899223330497317, 
        "filter_outliers_dict": {
            "filter_outliers": true, 
            "iterations": 1, 
            "std_devs": 2
        }, 
        "fit": "Linear", 
        "value": 8.897264200696162
    }, 
    "Ar40": {
        "error": 0.11806531274933581, 
        "filter_outliers_dict": {
            "filter_outliers": true, 
            "iterations": 1, 
            "std_devs": 2
        }, 
        "fit": "Linear", 
        "value": 690.2606821474537
    }, 
    "PM41": {
        "error": 0.08796948108887229, 
        "filter_outliers_dict": {
            "filter_outliers": false, 
            "iterations": 1, 
            "std_devs": 2
        }, 
        "fit": "linear", 
        "value": -0.0047859396704663226
    }
}