{
    "Ar36": {
        "error": 0.0027676875567700827, 
        "filter_outliers_dict": {
            "filter_outliers": true, 
            "iterations": 1, 
            "std_devs": 2
        }, 
        "fit": "Linear", 
        "value": 0.46235241589535275
    }, 
    "Ar37": {
        "error": 0.0170086492380291, 
        "filter_outliers_dict": {
            "filter_outliers": true, 
            "iterations": 1, 
            "std_devs": 2
        }, 
        "fit": "linear", 
        "value": 0.029753076999453686
    }, 
    "Ar38": {
        "error": 0.00838680969338641, 
        "filter_outliers_dict": {
            "filter_outliers": true, 
            "iterations": 1, 
            "std_devs": 2
        }, 
        "fit": "linear", 
        "value": 0.3841223140537489
    }, 
    "Ar39": {
        "error": 0.0181496317617327, 
        "filter_outliers_dict": {
            "filter_outliers": true, 
            "iterations": 1, 
            "std_devs": 2
        }, 
        "fit": "Linear", 
        "value": 8.480912239329955
    }, 
    "Ar40": {
        "error": 0.13323273873028532, 
        "filter_outliers_dict": {
            "filter_outliers": true, 
            "iterations": 1, 
            "std_devs": 2
        }, 
        "fit": "Linear", 
        "value": 1152.0705675332656
    }, 
    "PM41": {
        "error": 0.07503665419419893, 
        "filter_outliers_dict": {
            "filter_outliers": false, 
            "iterations": 1, 
            "std_devs": 2
        }, 
        "fit": "linear", 
        "value": -0.1022121057580446
    }
}