{
    "Ar36": {
        "error": 0.0006551773255245762, 
        "filter_outliers_dict": {
            "filter_outliers": true, 
            "iterations": 1, 
            "std_devs": 2
        }, 
        "fit": "Linear", 
        "value": 0.06071853910860949
    }, 
    "Ar37": {
        "error": 0.008549060524009038, 
        "filter_outliers_dict": {
            "filter_outliers": true, 
            "iterations": 1, 
            "std_devs": 2
        }, 
        "fit": "linear", 
        "value": 0.027427371137790146
    }, 
    "Ar38": {
        "error": 0.004673333302061837, 
        "filter_outliers_dict": {
            "filter_outliers": true, 
            "iterations": 1, 
            "std_devs": 2
        }, 
        "fit": "linear", 
        "value": 0.06691191072268439
    }, 
    "Ar39": {
        "error": 0.012372441584287774, 
        "filter_outliers_dict": {
            "filter_outliers": true, 
            "iterations": 1, 
            "std_devs": 2
        }, 
        "fit": "Linear", 
        "value": 3.6695707204222074
    }, 
    "Ar40": {
        "error": 0.04957192405375585, 
        "filter_outliers_dict": {
            "filter_outliers": true, 
            "iterations": 1, 
            "std_devs": 2
        }, 
        "fit": "Linear", 
        "value": 386.0018161922693
    }, 
    "PM41": {
        "error": 0.07965308330392526, 
        "filter_outliers_dict": {
            "filter_outliers": false, 
            "iterations": 1, 
            "std_devs": 2
        }, 
        "fit": "linear", 
        "value": -0.14258420916736028
    }
}