{
    "Ar36": {
        "error": 0.0005227566182033844, 
        "filter_outliers_dict": {
            "filter_outliers": true, 
            "iterations": 1, 
            "std_devs": 2
        }, 
        "fit": "Linear", 
        "value": 0.013127420421002322
    }, 
    "Ar37": {
        "error": 0.018733742895628132, 
        "filter_outliers_dict": {
            "filter_outliers": true, 
            "iterations": 1, 
            "std_devs": 2
        }, 
        "fit": "linear", 
        "value": 0.03478329124751486
    }, 
    "Ar38": {
        "error": 0.007875080718362808, 
        "filter_outliers_dict": {
            "filter_outliers": true, 
            "iterations": 1, 
            "std_devs": 2
        }, 
        "fit": "linear", 
        "value": 0.011890641740841607
    }, 
    "Ar39": {
        "error": 0.019979624513611374, 
        "filter_outliers_dict": {
            "filter_outliers": true, 
            "iterations": 1, 
            "std_devs": 2
        }, 
        "fit": "Linear", 
        "value": 1.0032592553288784
    }, 
    "Ar40": {
        "error": 0.06143045441901285, 
        "filter_outliers_dict": {
            "filter_outliers": true, 
            "iterations": 1, 
            "std_devs": 2
        }, 
        "fit": "Linear", 
        "value": 94.16862458068582
    }, 
    "PM41": {
        "error": 0.08883045285016508, 
        "filter_outliers_dict": {
            "filter_outliers": false, 
            "iterations": 1, 
            "std_devs": 2
        }, 
        "fit": "linear", 
        "value": -0.12873851958286667
    }
}