{
    "Ar36": {
        "error": 0.0002400888914557624, 
        "filter_outliers_dict": {
            "filter_outliers": true, 
            "iterations": 1, 
            "std_devs": 2
        }, 
        "fit": "Linear", 
        "value": 0.008072858701834006
    }, 
    "Ar37": {
        "error": 0.011098278826944582, 
        "filter_outliers_dict": {
            "filter_outliers": true, 
            "iterations": 1, 
            "std_devs": 2
        }, 
        "fit": "linear", 
        "value": 0.019741307351471584
    }, 
    "Ar38": {
        "error": 0.004260088150782157, 
        "filter_outliers_dict": {
            "filter_outliers": true, 
            "iterations": 1, 
            "std_devs": 2
        }, 
        "fit": "linear", 
        "value": -0.004451091055029235
    }, 
    "Ar39": {
        "error": 0.011568650910985582, 
        "filter_outliers_dict": {
            "filter_outliers": true, 
            "iterations": 1, 
            "std_devs": 2
        }, 
        "fit": "Linear", 
        "value": 0.5899869178546994
    }, 
    "Ar40": {
        "error": 0.016331396251629056, 
        "filter_outliers_dict": {
            "filter_outliers": true, 
            "iterations": 1, 
            "std_devs": 2
        }, 
        "fit": "Linear", 
        "value": 73.37072120975465
    }, 
    "Ar41": {
        "error": 0.0057892073705753415, 
        "filter_outliers_dict": {
            "filter_outliers": true, 
            "iterations": 1, 
            "std_devs": 2
        }, 
        "fit": "Average", 
        "value": -0.16689405435684268
    }
}