{
    "Ar36": {
        "error": 0.00039724290756206203, 
        "filter_outliers_dict": {
            "filter_outliers": true, 
            "iterations": 2, 
            "std_devs": 2
        }, 
        "fit": "Parabolic", 
        "value": 0.03334314162072145
    }, 
    "Ar37": {
        "error": 0.011494370948446558, 
        "filter_outliers_dict": {
            "filter_outliers": true, 
            "iterations": 2, 
            "std_devs": 2
        }, 
        "fit": "linear", 
        "value": -0.27604296615961
    }, 
    "Ar38": {
        "error": 0.010286931688057924, 
        "filter_outliers_dict": {
            "filter_outliers": true, 
            "iterations": 2, 
            "std_devs": 2
        }, 
        "fit": "linear", 
        "value": -0.08186781542444424
    }, 
    "Ar39": {
        "error": 0.022590088342135314, 
        "filter_outliers_dict": {
            "filter_outliers": true, 
            "iterations": 2, 
            "std_devs": 2
        }, 
        "fit": "Parabolic", 
        "value": -0.009435301794130515
    }, 
    "Ar40": {
        "error": 0.02022252430142436, 
        "filter_outliers_dict": {
            "filter_outliers": true, 
            "iterations": 2, 
            "std_devs": 2
        }, 
        "fit": "Parabolic", 
        "value": 20.995567000242787
    }
}