{
    "Ar36": {
        "error": 0.0002886787103670808, 
        "filter_outliers_dict": {
            "filter_outliers": true, 
            "iterations": 2, 
            "std_devs": 2
        }, 
        "fit": "Parabolic", 
        "value": 0.017921002351082377
    }, 
    "Ar37": {
        "error": 0.011504658454207558, 
        "filter_outliers_dict": {
            "filter_outliers": true, 
            "iterations": 2, 
            "std_devs": 2
        }, 
        "fit": "linear", 
        "value": -0.22074944763157178
    }, 
    "Ar38": {
        "error": 0.013111764803396545, 
        "filter_outliers_dict": {
            "filter_outliers": true, 
            "iterations": 2, 
            "std_devs": 2
        }, 
        "fit": "linear", 
        "value": -0.08972997006499558
    }, 
    "Ar39": {
        "error": 0.02215837878706003, 
        "filter_outliers_dict": {
            "filter_outliers": true, 
            "iterations": 2, 
            "std_devs": 2
        }, 
        "fit": "Parabolic", 
        "value": 0.007047888073278747
    }, 
    "Ar40": {
        "error": 0.020569846884478025, 
        "filter_outliers_dict": {
            "filter_outliers": true, 
            "iterations": 2, 
            "std_devs": 2
        }, 
        "fit": "Parabolic", 
        "value": 8.222824358974309
    }
}