{
    "Ar36": {
        "error": 0.00024369036158829028, 
        "filter_outliers_dict": {
            "filter_outliers": true, 
            "iterations": 1, 
            "std_devs": 2
        }, 
        "fit": "Linear", 
        "value": 0.008840232374342123
    }, 
    "Ar37": {
        "error": 0.010659660555327442, 
        "filter_outliers_dict": {
            "filter_outliers": true, 
            "iterations": 1, 
            "std_devs": 2
        }, 
        "fit": "linear", 
        "value": 0.022447688137935864
    }, 
    "Ar38": {
        "error": 0.0047735695470041955, 
        "filter_outliers_dict": {
            "filter_outliers": true, 
            "iterations": 1, 
            "std_devs": 2
        }, 
        "fit": "linear", 
        "value": -0.00427644026817625
    }, 
    "Ar39": {
        "error": 0.01070990245367988, 
        "filter_outliers_dict": {
            "filter_outliers": true, 
            "iterations": 1, 
            "std_devs": 2
        }, 
        "fit": "Linear", 
        "value": 0.003043641886124455
    }, 
    "Ar40": {
        "error": 0.009365143410303055, 
        "filter_outliers_dict": {
            "filter_outliers": true, 
            "iterations": 1, 
            "std_devs": 2
        }, 
        "fit": "Linear", 
        "value": 3.0328085026085736
    }, 
    "Ar41": {
        "error": 0.00563910942486926, 
        "filter_outliers_dict": {
            "filter_outliers": true, 
            "iterations": 1, 
            "std_devs": 2
        }, 
        "fit": "Average", 
        "value": -0.17062683789027996
    }
}