{
    "Ar36": {
        "error": 0.00036630883355541775, 
        "filter_outliers_dict": {
            "filter_outliers": true, 
            "iterations": 2, 
            "std_devs": 2
        }, 
        "fit": "Parabolic", 
        "value": 0.014887746220787505
    }, 
    "Ar37": {
        "error": 0.012587615641892527, 
        "filter_outliers_dict": {
            "filter_outliers": true, 
            "iterations": 2, 
            "std_devs": 2
        }, 
        "fit": "linear", 
        "value": 4.207597641016705
    }, 
    "Ar38": {
        "error": 0.012530802724835062, 
        "filter_outliers_dict": {
            "filter_outliers": true, 
            "iterations": 2, 
            "std_devs": 2
        }, 
        "fit": "linear", 
        "value": 0.5483894224191115
    }, 
    "Ar39": {
        "error": 0.023963990064847247, 
        "filter_outliers_dict": {
            "filter_outliers": true, 
            "iterations": 2, 
            "std_devs": 2
        }, 
        "fit": "Parabolic", 
        "value": 8.277927781100587
    }, 
    "Ar40": {
        "error": 0.07946572766305056, 
        "filter_outliers_dict": {
            "filter_outliers": true, 
            "iterations": 2, 
            "std_devs": 2
        }, 
        "fit": "Parabolic", 
        "value": 940.4012747010509
    }
}