{
    "Ar36": {
        "error": 0.000291572218081994, 
        "filter_outliers_dict": {
            "filter_outliers": true, 
            "iterations": 2, 
            "std_devs": 2
        }, 
        "fit": "Parabolic", 
        "value": 0.004072067106679643
    }, 
    "Ar37": {
        "error": 0.011948706057806477, 
        "filter_outliers_dict": {
            "filter_outliers": true, 
            "iterations": 2, 
            "std_devs": 2
        }, 
        "fit": "linear", 
        "value": 0.17252470611920245
    }, 
    "Ar38": {
        "error": 0.012409516792380322, 
        "filter_outliers_dict": {
            "filter_outliers": true, 
            "iterations": 2, 
            "std_devs": 2
        }, 
        "fit": "linear", 
        "value": -0.0629120746138907
    }, 
    "Ar39": {
        "error": 0.024595956707414768, 
        "filter_outliers_dict": {
            "filter_outliers": true, 
            "iterations": 2, 
            "std_devs": 2
        }, 
        "fit": "Parabolic", 
        "value": 0.8011592332685742
    }, 
    "Ar40": {
        "error": 0.029317327981049943, 
        "filter_outliers_dict": {
            "filter_outliers": true, 
            "iterations": 2, 
            "std_devs": 2
        }, 
        "fit": "Parabolic", 
        "value": 100.07782878964576
    }
}