{
    "Ar36": {
        "error": 0.00031323690570553763, 
        "filter_outliers_dict": {
            "filter_outliers": true, 
            "iterations": 2, 
            "std_devs": 2
        }, 
        "fit": "Parabolic", 
        "value": 0.014283597970668256
    }, 
    "Ar37": {
        "error": 0.011033079567948684, 
        "filter_outliers_dict": {
            "filter_outliers": true, 
            "iterations": 2, 
            "std_devs": 2
        }, 
        "fit": "linear", 
        "value": -0.4812032929051903
    }, 
    "Ar38": {
        "error": 0.011752549902773742, 
        "filter_outliers_dict": {
            "filter_outliers": true, 
            "iterations": 2, 
            "std_devs": 2
        }, 
        "fit": "linear", 
        "value": -0.04278779281780292
    }, 
    "Ar39": {
        "error": 0.026051156837464094, 
        "filter_outliers_dict": {
            "filter_outliers": true, 
            "iterations": 2, 
            "std_devs": 2
        }, 
        "fit": "Parabolic", 
        "value": 5.811470793932177
    }, 
    "Ar40": {
        "error": 0.05893885196249943, 
        "filter_outliers_dict": {
            "filter_outliers": true, 
            "iterations": 2, 
            "std_devs": 2
        }, 
        "fit": "Parabolic", 
        "value": 626.6486773063309
    }
}