{
    "Ar36": {
        "error": 0.00036172339885767984, 
        "filter_outliers_dict": {
            "filter_outliers": true, 
            "iterations": 2, 
            "std_devs": 2
        }, 
        "fit": "Parabolic", 
        "value": 0.017598193884292547
    }, 
    "Ar37": {
        "error": 0.011936819811216385, 
        "filter_outliers_dict": {
            "filter_outliers": true, 
            "iterations": 2, 
            "std_devs": 2
        }, 
        "fit": "linear", 
        "value": -0.45554330066462534
    }, 
    "Ar38": {
        "error": 0.012235891973706921, 
        "filter_outliers_dict": {
            "filter_outliers": true, 
            "iterations": 2, 
            "std_devs": 2
        }, 
        "fit": "linear", 
        "value": -0.03140275415781711
    }, 
    "Ar39": {
        "error": 0.024709028415509898, 
        "filter_outliers_dict": {
            "filter_outliers": true, 
            "iterations": 2, 
            "std_devs": 2
        }, 
        "fit": "Parabolic", 
        "value": 6.365598144023042
    }, 
    "Ar40": {
        "error": 0.061435822421263254, 
        "filter_outliers_dict": {
            "filter_outliers": true, 
            "iterations": 2, 
            "std_devs": 2
        }, 
        "fit": "Parabolic", 
        "value": 690.7578494021768
    }
}