{
    "Ar36": {
        "error": 0.0004884926100793131, 
        "filter_outliers_dict": {
            "filter_outliers": true, 
            "iterations": 2, 
            "std_devs": 2
        }, 
        "fit": "Parabolic", 
        "value": 0.04585746788372155
    }, 
    "Ar37": {
        "error": 0.010568947789603255, 
        "filter_outliers_dict": {
            "filter_outliers": true, 
            "iterations": 2, 
            "std_devs": 2
        }, 
        "fit": "linear", 
        "value": -0.47891850170512734
    }, 
    "Ar38": {
        "error": 0.012303455532339764, 
        "filter_outliers_dict": {
            "filter_outliers": true, 
            "iterations": 2, 
            "std_devs": 2
        }, 
        "fit": "linear", 
        "value": -0.09444896215156597
    }, 
    "Ar39": {
        "error": 0.023518718487659268, 
        "filter_outliers_dict": {
            "filter_outliers": true, 
            "iterations": 2, 
            "std_devs": 2
        }, 
        "fit": "Parabolic", 
        "value": 1.1427532196546588
    }, 
    "Ar40": {
        "error": 0.02586303445048161, 
        "filter_outliers_dict": {
            "filter_outliers": true, 
            "iterations": 2, 
            "std_devs": 2
        }, 
        "fit": "Parabolic", 
        "value": 97.79970276361826
    }
}