{
    "Ar36": {
        "error": 0.0002544310484171824, 
        "filter_outliers_dict": {
            "filter_outliers": true, 
            "iterations": 2, 
            "std_devs": 2
        }, 
        "fit": "Parabolic", 
        "value": 0.01337181953669385
    }, 
    "Ar37": {
        "error": 0.011064848354485918, 
        "filter_outliers_dict": {
            "filter_outliers": true, 
            "iterations": 2, 
            "std_devs": 2
        }, 
        "fit": "linear", 
        "value": -0.18031528642485642
    }, 
    "Ar38": {
        "error": 0.011583715174164167, 
        "filter_outliers_dict": {
            "filter_outliers": true, 
            "iterations": 2, 
            "std_devs": 2
        }, 
        "fit": "linear", 
        "value": -0.0983876438788499
    }, 
    "Ar39": {
        "error": 0.02081544731647241, 
        "filter_outliers_dict": {
            "filter_outliers": true, 
            "iterations": 2, 
            "std_devs": 2
        }, 
        "fit": "Parabolic", 
        "value": 0.6451588795467587
    }, 
    "Ar40": {
        "error": 0.02081857371054623, 
        "filter_outliers_dict": {
            "filter_outliers": true, 
            "iterations": 2, 
            "std_devs": 2
        }, 
        "fit": "Parabolic", 
        "value": 67.10152411307698
    }
}