{
    "Ar36": {
        "error": 0.00042403139560103073, 
        "filter_outliers_dict": {
            "filter_outliers": true, 
            "iterations": 2, 
            "std_devs": 2
        }, 
        "fit": "Parabolic", 
        "value": 0.03480286595386471
    }, 
    "Ar37": {
        "error": 0.011648067643240273, 
        "filter_outliers_dict": {
            "filter_outliers": true, 
            "iterations": 2, 
            "std_devs": 2
        }, 
        "fit": "linear", 
        "value": -0.195824112861047
    }, 
    "Ar38": {
        "error": 0.012804581475872844, 
        "filter_outliers_dict": {
            "filter_outliers": true, 
            "iterations": 2, 
            "std_devs": 2
        }, 
        "fit": "linear", 
        "value": -0.05780207541852561
    }, 
    "Ar39": {
        "error": 0.02296033621254989, 
        "filter_outliers_dict": {
            "filter_outliers": true, 
            "iterations": 2, 
            "std_devs": 2
        }, 
        "fit": "Parabolic", 
        "value": 2.9281744395767304
    }, 
    "Ar40": {
        "error": 0.03572171580803885, 
        "filter_outliers_dict": {
            "filter_outliers": true, 
            "iterations": 2, 
            "std_devs": 2
        }, 
        "fit": "Parabolic", 
        "value": 274.43824381956733
    }
}