{
    "Ar36": {
        "error": 0.0007266151496230637, 
        "filter_outliers_dict": {
            "filter_outliers": true, 
            "iterations": 2, 
            "std_devs": 2
        }, 
        "fit": "Parabolic", 
        "value": 0.12264642690208877
    }, 
    "Ar37": {
        "error": 0.011024841394189466, 
        "filter_outliers_dict": {
            "filter_outliers": true, 
            "iterations": 2, 
            "std_devs": 2
        }, 
        "fit": "linear", 
        "value": -0.4400478617900326
    }, 
    "Ar38": {
        "error": 0.012113057191068281, 
        "filter_outliers_dict": {
            "filter_outliers": true, 
            "iterations": 2, 
            "std_devs": 2
        }, 
        "fit": "linear", 
        "value": 0.09266067572778923
    }, 
    "Ar39": {
        "error": 0.02440829139161394, 
        "filter_outliers_dict": {
            "filter_outliers": true, 
            "iterations": 2, 
            "std_devs": 2
        }, 
        "fit": "Parabolic", 
        "value": 10.97609208969298
    }, 
    "Ar40": {
        "error": 0.06334633389825109, 
        "filter_outliers_dict": {
            "filter_outliers": true, 
            "iterations": 2, 
            "std_devs": 2
        }, 
        "fit": "Parabolic", 
        "value": 1003.2819775379609
    }
}