{
    "Ar36": {
        "error": 0.0004833113614688254, 
        "filter_outliers_dict": {
            "filter_outliers": true, 
            "iterations": 1, 
            "std_devs": 2
        }, 
        "fit": "Linear", 
        "value": 0.01273883470272252
    }, 
    "Ar37": {
        "error": 0.017910882422208247, 
        "filter_outliers_dict": {
            "filter_outliers": true, 
            "iterations": 1, 
            "std_devs": 2
        }, 
        "fit": "linear", 
        "value": 0.020463072789323078
    }, 
    "Ar38": {
        "error": 0.007065559001984811, 
        "filter_outliers_dict": {
            "filter_outliers": true, 
            "iterations": 1, 
            "std_devs": 2
        }, 
        "fit": "linear", 
        "value": -0.01479286385452216
    }, 
    "Ar39": {
        "error": 0.019097958408168338, 
        "filter_outliers_dict": {
            "filter_outliers": true, 
            "iterations": 1, 
            "std_devs": 2
        }, 
        "fit": "Linear", 
        "value": 0.6281482387633593
    }, 
    "Ar40": {
        "error": 0.05877338016739983, 
        "filter_outliers_dict": {
            "filter_outliers": true, 
            "iterations": 1, 
            "std_devs": 2
        }, 
        "fit": "Linear", 
        "value": 57.864668738066214
    }, 
    "PM41": {
        "error": 0.06783600683704602, 
        "filter_outliers_dict": {
            "filter_outliers": false, 
            "iterations": 1, 
            "std_devs": 2
        }, 
        "fit": "linear", 
        "value": -0.12883789332473974
    }
}