{
    "Ar36": {
        "error": 0.00035619190580186863, 
        "filter_outliers_dict": {
            "filter_outliers": true, 
            "iterations": 1, 
            "std_devs": 2
        }, 
        "fit": "Linear", 
        "value": 0.01929023061911866
    }, 
    "Ar37": {
        "error": 0.012448283672606622, 
        "filter_outliers_dict": {
            "filter_outliers": true, 
            "iterations": 1, 
            "std_devs": 2
        }, 
        "fit": "linear", 
        "value": 0.05875560320511658
    }, 
    "Ar38": {
        "error": 0.004061344741941251, 
        "filter_outliers_dict": {
            "filter_outliers": true, 
            "iterations": 1, 
            "std_devs": 2
        }, 
        "fit": "linear", 
        "value": 0.003581579070625443
    }, 
    "Ar39": {
        "error": 0.011397390924058391, 
        "filter_outliers_dict": {
            "filter_outliers": true, 
            "iterations": 1, 
            "std_devs": 2
        }, 
        "fit": "Linear", 
        "value": 0.9581349549787557
    }, 
    "Ar40": {
        "error": 0.015550378656503137, 
        "filter_outliers_dict": {
            "filter_outliers": true, 
            "iterations": 1, 
            "std_devs": 2
        }, 
        "fit": "Linear", 
        "value": 99.51845094708244
    }, 
    "PM41": {
        "error": 0.06408794837064694, 
        "filter_outliers_dict": {
            "filter_outliers": false, 
            "iterations": 1, 
            "std_devs": 2
        }, 
        "fit": "linear", 
        "value": -0.14885712601309126
    }
}