{
    "Ar36": {
        "error": 0.00030957706132521916, 
        "filter_outliers_dict": {
            "filter_outliers": true, 
            "iterations": 1, 
            "std_devs": 2
        }, 
        "fit": "Linear", 
        "value": 0.007148112116253821
    }, 
    "Ar37": {
        "error": 0.01616720521937722, 
        "filter_outliers_dict": {
            "filter_outliers": true, 
            "iterations": 1, 
            "std_devs": 2
        }, 
        "fit": "linear", 
        "value": 0.02775331929915751
    }, 
    "Ar38": {
        "error": 0.005821088099673469, 
        "filter_outliers_dict": {
            "filter_outliers": true, 
            "iterations": 1, 
            "std_devs": 2
        }, 
        "fit": "linear", 
        "value": 0.0003435193465631155
    }, 
    "Ar39": {
        "error": 0.016855473926246596, 
        "filter_outliers_dict": {
            "filter_outliers": true, 
            "iterations": 1, 
            "std_devs": 2
        }, 
        "fit": "Linear", 
        "value": 0.2747344639336792
    }, 
    "Ar40": {
        "error": 0.05048280268843546, 
        "filter_outliers_dict": {
            "filter_outliers": true, 
            "iterations": 1, 
            "std_devs": 2
        }, 
        "fit": "Linear", 
        "value": 28.68856449886048
    }, 
    "PM41": {
        "error": 0.0720163872349331, 
        "filter_outliers_dict": {
            "filter_outliers": false, 
            "iterations": 1, 
            "std_devs": 2
        }, 
        "fit": "linear", 
        "value": -0.1664669991186667
    }
}