{
    "Ar36": {
        "error": 0.0005940659818897764, 
        "filter_outliers_dict": {
            "filter_outliers": true, 
            "iterations": 1, 
            "std_devs": 2
        }, 
        "fit": "Linear", 
        "value": 0.0812748439627921
    }, 
    "Ar37": {
        "error": 0.011702702422317997, 
        "filter_outliers_dict": {
            "filter_outliers": true, 
            "iterations": 1, 
            "std_devs": 2
        }, 
        "fit": "linear", 
        "value": 0.005950943520917065
    }, 
    "Ar38": {
        "error": 0.004089713712017788, 
        "filter_outliers_dict": {
            "filter_outliers": true, 
            "iterations": 1, 
            "std_devs": 2
        }, 
        "fit": "linear", 
        "value": 0.12847617037471473
    }, 
    "Ar39": {
        "error": 0.010763338447473621, 
        "filter_outliers_dict": {
            "filter_outliers": true, 
            "iterations": 1, 
            "std_devs": 2
        }, 
        "fit": "Linear", 
        "value": 8.521911984083536
    }, 
    "Ar40": {
        "error": 0.046812788393216544, 
        "filter_outliers_dict": {
            "filter_outliers": true, 
            "iterations": 1, 
            "std_devs": 2
        }, 
        "fit": "Linear", 
        "value": 725.3860799216475
    }, 
    "Ar41": {
        "error": 0.005791136179810463, 
        "filter_outliers_dict": {
            "filter_outliers": true, 
            "iterations": 1, 
            "std_devs": 2
        }, 
        "fit": "Average", 
        "value": -0.12969732206655155
    }
}