{
    "Ar36": {
        "error": 0.0002563457971499058, 
        "filter_outliers_dict": {
            "filter_outliers": true, 
            "iterations": 2, 
            "std_devs": 2
        }, 
        "fit": "Parabolic", 
        "value": 0.01305346739037328
    }, 
    "Ar37": {
        "error": 0.01114874775730345, 
        "filter_outliers_dict": {
            "filter_outliers": true, 
            "iterations": 2, 
            "std_devs": 2
        }, 
        "fit": "linear", 
        "value": -0.2334776399162322
    }, 
    "Ar38": {
        "error": 0.012864238851757064, 
        "filter_outliers_dict": {
            "filter_outliers": true, 
            "iterations": 2, 
            "std_devs": 2
        }, 
        "fit": "linear", 
        "value": -0.10226074320020526
    }, 
    "Ar39": {
        "error": 0.022259219238294402, 
        "filter_outliers_dict": {
            "filter_outliers": true, 
            "iterations": 2, 
            "std_devs": 2
        }, 
        "fit": "Parabolic", 
        "value": 0.19832797342949934
    }, 
    "Ar40": {
        "error": 0.020284931691738756, 
        "filter_outliers_dict": {
            "filter_outliers": true, 
            "iterations": 2, 
            "std_devs": 2
        }, 
        "fit": "Parabolic", 
        "value": 18.743092636742432
    }
}