{
    "Ar36": {
        "error": 0.0004082376579207749, 
        "filter_outliers_dict": {
            "filter_outliers": true, 
            "iterations": 2, 
            "std_devs": 2
        }, 
        "fit": "Parabolic", 
        "value": 0.03599132118456623
    }, 
    "Ar37": {
        "error": 0.01047413533152178, 
        "filter_outliers_dict": {
            "filter_outliers": true, 
            "iterations": 2, 
            "std_devs": 2
        }, 
        "fit": "linear", 
        "value": -0.2085830854572359
    }, 
    "Ar38": {
        "error": 0.011626909610234529, 
        "filter_outliers_dict": {
            "filter_outliers": true, 
            "iterations": 2, 
            "std_devs": 2
        }, 
        "fit": "linear", 
        "value": -0.11782195508381654
    }, 
    "Ar39": {
        "error": 0.023501413989176805, 
        "filter_outliers_dict": {
            "filter_outliers": true, 
            "iterations": 2, 
            "std_devs": 2
        }, 
        "fit": "Parabolic", 
        "value": 0.06284457028776462
    }, 
    "Ar40": {
        "error": 0.017354337222462227, 
        "filter_outliers_dict": {
            "filter_outliers": true, 
            "iterations": 2, 
            "std_devs": 2
        }, 
        "fit": "Parabolic", 
        "value": 15.017719542681682
    }
}