{
    "Ar36": {
        "error": 0.00033265542489268316, 
        "filter_outliers_dict": {
            "filter_outliers": true, 
            "iterations": 2, 
            "std_devs": 2
        }, 
        "fit": "Parabolic", 
        "value": 0.02059982509005882
    }, 
    "Ar37": {
        "error": 0.01097592809568543, 
        "filter_outliers_dict": {
            "filter_outliers": true, 
            "iterations": 2, 
            "std_devs": 2
        }, 
        "fit": "linear", 
        "value": -0.23659057838700903
    }, 
    "Ar38": {
        "error": 0.01242584172806364, 
        "filter_outliers_dict": {
            "filter_outliers": true, 
            "iterations": 2, 
            "std_devs": 2
        }, 
        "fit": "linear", 
        "value": -0.1032521615519984
    }, 
    "Ar39": {
        "error": 0.022434067009763217, 
        "filter_outliers_dict": {
            "filter_outliers": true, 
            "iterations": 2, 
            "std_devs": 2
        }, 
        "fit": "Parabolic", 
        "value": 0.2320340206966489
    }, 
    "Ar40": {
        "error": 0.0212840416132826, 
        "filter_outliers_dict": {
            "filter_outliers": true, 
            "iterations": 2, 
            "std_devs": 2
        }, 
        "fit": "Parabolic", 
        "value": 31.243767858196172
    }
}