{
    "Ar36": {
        "error": 0.00042954011674690274, 
        "filter_outliers_dict": {
            "filter_outliers": true, 
            "iterations": 2, 
            "std_devs": 2
        }, 
        "fit": "Parabolic", 
        "value": 0.05057116786788115
    }, 
    "Ar37": {
        "error": 0.010271564905907063, 
        "filter_outliers_dict": {
            "filter_outliers": true, 
            "iterations": 2, 
            "std_devs": 2
        }, 
        "fit": "linear", 
        "value": -0.2462352472264666
    }, 
    "Ar38": {
        "error": 0.0124573165640185, 
        "filter_outliers_dict": {
            "filter_outliers": true, 
            "iterations": 2, 
            "std_devs": 2
        }, 
        "fit": "linear", 
        "value": -0.0050128023549062895
    }, 
    "Ar39": {
        "error": 0.020131914125377938, 
        "filter_outliers_dict": {
            "filter_outliers": true, 
            "iterations": 2, 
            "std_devs": 2
        }, 
        "fit": "Parabolic", 
        "value": 5.325019839095601
    }, 
    "Ar40": {
        "error": 0.03778969066985328, 
        "filter_outliers_dict": {
            "filter_outliers": true, 
            "iterations": 2, 
            "std_devs": 2
        }, 
        "fit": "Parabolic", 
        "value": 361.45663350528184
    }
}