{
    "Ar36": {
        "error": 0.0008989478879373896, 
        "filter_outliers_dict": {
            "filter_outliers": true, 
            "iterations": 1, 
            "std_devs": 2
        }, 
        "fit": "Linear", 
        "value": 0.13888923888727883
    }, 
    "Ar37": {
        "error": 0.011756125554552018, 
        "filter_outliers_dict": {
            "filter_outliers": true, 
            "iterations": 1, 
            "std_devs": 2
        }, 
        "fit": "linear", 
        "value": 0.029738898893254196
    }, 
    "Ar38": {
        "error": 0.005451293008320602, 
        "filter_outliers_dict": {
            "filter_outliers": true, 
            "iterations": 1, 
            "std_devs": 2
        }, 
        "fit": "linear", 
        "value": 0.05067104574371473
    }, 
    "Ar39": {
        "error": 0.01168564431212697, 
        "filter_outliers_dict": {
            "filter_outliers": true, 
            "iterations": 1, 
            "std_devs": 2
        }, 
        "fit": "Linear", 
        "value": 2.1766086206482926
    }, 
    "Ar40": {
        "error": 0.024700366339581874, 
        "filter_outliers_dict": {
            "filter_outliers": true, 
            "iterations": 1, 
            "std_devs": 2
        }, 
        "fit": "Linear", 
        "value": 188.96584208926126
    }, 
    "PM41": {
        "error": 0.0746798778252721, 
        "filter_outliers_dict": {
            "filter_outliers": false, 
            "iterations": 1, 
            "std_devs": 2
        }, 
        "fit": "linear", 
        "value": -0.13857126764766264
    }
}