{
    "Ar36": {
        "error": 0.0005058945089898592, 
        "filter_outliers_dict": {
            "filter_outliers": true, 
            "iterations": 1, 
            "std_devs": 2
        }, 
        "fit": "Linear", 
        "value": 0.03388697286252714
    }, 
    "Ar37": {
        "error": 0.009916264473408131, 
        "filter_outliers_dict": {
            "filter_outliers": true, 
            "iterations": 1, 
            "std_devs": 2
        }, 
        "fit": "linear", 
        "value": 0.03396022956579495
    }, 
    "Ar38": {
        "error": 0.004326953297978355, 
        "filter_outliers_dict": {
            "filter_outliers": true, 
            "iterations": 1, 
            "std_devs": 2
        }, 
        "fit": "linear", 
        "value": 0.025628444865666816
    }, 
    "Ar39": {
        "error": 0.010228096156561652, 
        "filter_outliers_dict": {
            "filter_outliers": true, 
            "iterations": 1, 
            "std_devs": 2
        }, 
        "fit": "Linear", 
        "value": 3.18751269800757
    }, 
    "Ar40": {
        "error": 0.02726037018601555, 
        "filter_outliers_dict": {
            "filter_outliers": true, 
            "iterations": 1, 
            "std_devs": 2
        }, 
        "fit": "Linear", 
        "value": 257.55864056150347
    }, 
    "PM41": {
        "error": 0.060500037033518424, 
        "filter_outliers_dict": {
            "filter_outliers": false, 
            "iterations": 1, 
            "std_devs": 2
        }, 
        "fit": "linear", 
        "value": -0.13035547078217286
    }
}