{
    "Ar36": {
        "error": 0.001746801687421632, 
        "filter_outliers_dict": {
            "filter_outliers": true, 
            "iterations": 1, 
            "std_devs": 2
        }, 
        "fit": "Linear", 
        "value": 0.3889460322022509
    }, 
    "Ar37": {
        "error": 0.009608414273913074, 
        "filter_outliers_dict": {
            "filter_outliers": true, 
            "iterations": 1, 
            "std_devs": 2
        }, 
        "fit": "linear", 
        "value": 0.025033269121096546
    }, 
    "Ar38": {
        "error": 0.004562414680248269, 
        "filter_outliers_dict": {
            "filter_outliers": true, 
            "iterations": 1, 
            "std_devs": 2
        }, 
        "fit": "linear", 
        "value": 0.11474199278868243
    }, 
    "Ar39": {
        "error": 0.010933042381243449, 
        "filter_outliers_dict": {
            "filter_outliers": true, 
            "iterations": 1, 
            "std_devs": 2
        }, 
        "fit": "Linear", 
        "value": 2.1782180381584055
    }, 
    "Ar40": {
        "error": 0.02601785500237299, 
        "filter_outliers_dict": {
            "filter_outliers": true, 
            "iterations": 1, 
            "std_devs": 2
        }, 
        "fit": "Linear", 
        "value": 270.4943009303786
    }, 
    "PM41": {
        "error": 0.066801315914584, 
        "filter_outliers_dict": {
            "filter_outliers": false, 
            "iterations": 1, 
            "std_devs": 2
        }, 
        "fit": "linear", 
        "value": -0.1805548895242005
    }
}