{
    "Ar36": {
        "error": 0.0004944118841549531, 
        "filter_outliers_dict": {
            "filter_outliers": true, 
            "iterations": 1, 
            "std_devs": 2
        }, 
        "fit": "Linear", 
        "value": 0.011291997923372984
    }, 
    "Ar37": {
        "error": 0.015976468645228493, 
        "filter_outliers_dict": {
            "filter_outliers": true, 
            "iterations": 1, 
            "std_devs": 2
        }, 
        "fit": "linear", 
        "value": 0.0711932925627861
    }, 
    "Ar38": {
        "error": 0.009656137269475127, 
        "filter_outliers_dict": {
            "filter_outliers": true, 
            "iterations": 1, 
            "std_devs": 2
        }, 
        "fit": "linear", 
        "value": -0.007243200352926866
    }, 
    "Ar39": {
        "error": 0.01880373198769153, 
        "filter_outliers_dict": {
            "filter_outliers": true, 
            "iterations": 1, 
            "std_devs": 2
        }, 
        "fit": "Linear", 
        "value": 0.6186346684559197
    }, 
    "Ar40": {
        "error": 0.053209490322481075, 
        "filter_outliers_dict": {
            "filter_outliers": true, 
            "iterations": 1, 
            "std_devs": 2
        }, 
        "fit": "Linear", 
        "value": 56.83087689196811
    }, 
    "PM41": {
        "error": 0.05918793391244282, 
        "filter_outliers_dict": {
            "filter_outliers": false, 
            "iterations": 1, 
            "std_devs": 2
        }, 
        "fit": "linear", 
        "value": -0.1412371904439178
    }
}