{
    "Ar36": {
        "error": 0.000328659020656569, 
        "filter_outliers_dict": {
            "filter_outliers": true, 
            "iterations": 2, 
            "std_devs": 2
        }, 
        "fit": "Parabolic", 
        "value": 0.026561089408879215
    }, 
    "Ar37": {
        "error": 0.01158413208235914, 
        "filter_outliers_dict": {
            "filter_outliers": true, 
            "iterations": 2, 
            "std_devs": 2
        }, 
        "fit": "linear", 
        "value": -0.1565827579532691
    }, 
    "Ar38": {
        "error": 0.012529808926673465, 
        "filter_outliers_dict": {
            "filter_outliers": true, 
            "iterations": 2, 
            "std_devs": 2
        }, 
        "fit": "linear", 
        "value": -0.0931004747111622
    }, 
    "Ar39": {
        "error": 0.02189319586170781, 
        "filter_outliers_dict": {
            "filter_outliers": true, 
            "iterations": 2, 
            "std_devs": 2
        }, 
        "fit": "Parabolic", 
        "value": 0.8103030325281946
    }, 
    "Ar40": {
        "error": 0.03051439932662283, 
        "filter_outliers_dict": {
            "filter_outliers": true, 
            "iterations": 2, 
            "std_devs": 2
        }, 
        "fit": "Parabolic", 
        "value": 187.25919051369056
    }
}