{
    "Ar36": {
        "error": 0.00023803043757163336, 
        "filter_outliers_dict": {
            "filter_outliers": true, 
            "iterations": 1, 
            "std_devs": 2
        }, 
        "fit": "Linear", 
        "value": 0.005495824775831756
    }, 
    "Ar37": {
        "error": 0.011519442074595898, 
        "filter_outliers_dict": {
            "filter_outliers": true, 
            "iterations": 1, 
            "std_devs": 2
        }, 
        "fit": "linear", 
        "value": 0.035105134508289816
    }, 
    "Ar38": {
        "error": 0.004364176046977033, 
        "filter_outliers_dict": {
            "filter_outliers": true, 
            "iterations": 1, 
            "std_devs": 2
        }, 
        "fit": "linear", 
        "value": -0.008448579250281715
    }, 
    "Ar39": {
        "error": 0.012172728664614345, 
        "filter_outliers_dict": {
            "filter_outliers": true, 
            "iterations": 1, 
            "std_devs": 2
        }, 
        "fit": "Linear", 
        "value": 1.119672552549263
    }, 
    "Ar40": {
        "error": 0.02492988986291775, 
        "filter_outliers_dict": {
            "filter_outliers": true, 
            "iterations": 1, 
            "std_devs": 2
        }, 
        "fit": "Linear", 
        "value": 217.8023853440909
    }, 
    "PM41": {
        "error": 0.07510551996927511, 
        "filter_outliers_dict": {
            "filter_outliers": false, 
            "iterations": 1, 
            "std_devs": 2
        }, 
        "fit": "linear", 
        "value": -0.1224593157245174
    }
}