{
    "Ar36": {
        "error": 0.0002484905548190709, 
        "filter_outliers_dict": {
            "filter_outliers": true, 
            "iterations": 1, 
            "std_devs": 2
        }, 
        "fit": "Linear", 
        "value": 0.006832038264389037
    }, 
    "Ar37": {
        "error": 0.010896802631757513, 
        "filter_outliers_dict": {
            "filter_outliers": true, 
            "iterations": 1, 
            "std_devs": 2
        }, 
        "fit": "linear", 
        "value": 0.02440218444383028
    }, 
    "Ar38": {
        "error": 0.004481765005528778, 
        "filter_outliers_dict": {
            "filter_outliers": true, 
            "iterations": 1, 
            "std_devs": 2
        }, 
        "fit": "linear", 
        "value": -0.004230355225043382
    }, 
    "Ar39": {
        "error": 0.01310428693720439, 
        "filter_outliers_dict": {
            "filter_outliers": true, 
            "iterations": 1, 
            "std_devs": 2
        }, 
        "fit": "Linear", 
        "value": 0.15613154573568255
    }, 
    "Ar40": {
        "error": 0.011799919693687794, 
        "filter_outliers_dict": {
            "filter_outliers": true, 
            "iterations": 1, 
            "std_devs": 2
        }, 
        "fit": "Linear", 
        "value": 23.532364523509052
    }, 
    "Ar41": {
        "error": 0.0052618889792211045, 
        "filter_outliers_dict": {
            "filter_outliers": true, 
            "iterations": 1, 
            "std_devs": 2
        }, 
        "fit": "Average", 
        "value": -0.17860968044827621
    }
}