{
    "Ar36": {
        "error": 0.00021681466768156869, 
        "filter_outliers_dict": {
            "filter_outliers": true, 
            "iterations": 2, 
            "std_devs": 2
        }, 
        "fit": "Parabolic", 
        "value": 0.008142104101419054
    }, 
    "Ar37": {
        "error": 0.011318432711427592, 
        "filter_outliers_dict": {
            "filter_outliers": true, 
            "iterations": 2, 
            "std_devs": 2
        }, 
        "fit": "linear", 
        "value": -0.5034515346652592
    }, 
    "Ar38": {
        "error": 0.013147132530834306, 
        "filter_outliers_dict": {
            "filter_outliers": true, 
            "iterations": 2, 
            "std_devs": 2
        }, 
        "fit": "linear", 
        "value": -0.07203694077507694
    }, 
    "Ar39": {
        "error": 0.02098626751755009, 
        "filter_outliers_dict": {
            "filter_outliers": true, 
            "iterations": 2, 
            "std_devs": 2
        }, 
        "fit": "Parabolic", 
        "value": 0.17860441353986573
    }, 
    "Ar40": {
        "error": 0.019957529686255995, 
        "filter_outliers_dict": {
            "filter_outliers": true, 
            "iterations": 2, 
            "std_devs": 2
        }, 
        "fit": "Parabolic", 
        "value": 20.412718472428473
    }
}