{
    "Ar36": {
        "error": 0.0002816690965431465, 
        "filter_outliers_dict": {
            "filter_outliers": true, 
            "iterations": 2, 
            "std_devs": 2
        }, 
        "fit": "Parabolic", 
        "value": 0.010640938014049379
    }, 
    "Ar37": {
        "error": 0.01207272987056158, 
        "filter_outliers_dict": {
            "filter_outliers": true, 
            "iterations": 2, 
            "std_devs": 2
        }, 
        "fit": "linear", 
        "value": -1.1166805488900884
    }, 
    "Ar38": {
        "error": 0.012621040420354815, 
        "filter_outliers_dict": {
            "filter_outliers": true, 
            "iterations": 2, 
            "std_devs": 2
        }, 
        "fit": "linear", 
        "value": -0.08796588160018257
    }, 
    "Ar39": {
        "error": 0.02320861607086132, 
        "filter_outliers_dict": {
            "filter_outliers": true, 
            "iterations": 2, 
            "std_devs": 2
        }, 
        "fit": "Parabolic", 
        "value": 2.37266463845403
    }, 
    "Ar40": {
        "error": 0.03949549575842108, 
        "filter_outliers_dict": {
            "filter_outliers": true, 
            "iterations": 2, 
            "std_devs": 2
        }, 
        "fit": "Parabolic", 
        "value": 198.71810128336665
    }
}