{
    "Ar36": {
        "error": 0.00029634288794581063, 
        "filter_outliers_dict": {
            "filter_outliers": true, 
            "iterations": 2, 
            "std_devs": 2
        }, 
        "fit": "Parabolic", 
        "value": 0.013136896767240133
    }, 
    "Ar37": {
        "error": 0.010772986759594736, 
        "filter_outliers_dict": {
            "filter_outliers": true, 
            "iterations": 2, 
            "std_devs": 2
        }, 
        "fit": "linear", 
        "value": -0.07717157376063602
    }, 
    "Ar38": {
        "error": 0.012551825457156964, 
        "filter_outliers_dict": {
            "filter_outliers": true, 
            "iterations": 2, 
            "std_devs": 2
        }, 
        "fit": "linear", 
        "value": -0.10467697051694878
    }, 
    "Ar39": {
        "error": 0.022853248587669746, 
        "filter_outliers_dict": {
            "filter_outliers": true, 
            "iterations": 2, 
            "std_devs": 2
        }, 
        "fit": "Parabolic", 
        "value": 0.7218337900316778
    }, 
    "Ar40": {
        "error": 0.025175965709781215, 
        "filter_outliers_dict": {
            "filter_outliers": true, 
            "iterations": 2, 
            "std_devs": 2
        }, 
        "fit": "Parabolic", 
        "value": 85.79408024261417
    }
}