{
    "Ar36": {
        "error": 0.00020847250397695364, 
        "filter_outliers_dict": {
            "filter_outliers": true, 
            "iterations": 2, 
            "std_devs": 2
        }, 
        "fit": "Parabolic", 
        "value": 0.007380056119309392
    }, 
    "Ar37": {
        "error": 0.01184705698388139, 
        "filter_outliers_dict": {
            "filter_outliers": true, 
            "iterations": 2, 
            "std_devs": 2
        }, 
        "fit": "linear", 
        "value": -0.11253791269091541
    }, 
    "Ar38": {
        "error": 0.013485471585985185, 
        "filter_outliers_dict": {
            "filter_outliers": true, 
            "iterations": 2, 
            "std_devs": 2
        }, 
        "fit": "linear", 
        "value": -0.07811774795635956
    }, 
    "Ar39": {
        "error": 0.021882201834744094, 
        "filter_outliers_dict": {
            "filter_outliers": true, 
            "iterations": 2, 
            "std_devs": 2
        }, 
        "fit": "Parabolic", 
        "value": 0.3218452093188552
    }, 
    "Ar40": {
        "error": 0.01914074679259457, 
        "filter_outliers_dict": {
            "filter_outliers": true, 
            "iterations": 2, 
            "std_devs": 2
        }, 
        "fit": "Parabolic", 
        "value": 46.64741339991956
    }
}