{
    "Ar36": {
        "error": 0.00028154706444718277, 
        "filter_outliers_dict": {
            "filter_outliers": true, 
            "iterations": 1, 
            "std_devs": 2
        }, 
        "fit": "Linear", 
        "value": 0.009904744469178835
    }, 
    "Ar37": {
        "error": 0.009942013248826447, 
        "filter_outliers_dict": {
            "filter_outliers": true, 
            "iterations": 1, 
            "std_devs": 2
        }, 
        "fit": "linear", 
        "value": 0.0570139906952362
    }, 
    "Ar38": {
        "error": 0.004155426347186817, 
        "filter_outliers_dict": {
            "filter_outliers": true, 
            "iterations": 1, 
            "std_devs": 2
        }, 
        "fit": "linear", 
        "value": 0.06615864423703376
    }, 
    "Ar39": {
        "error": 0.013913474706411752, 
        "filter_outliers_dict": {
            "filter_outliers": true, 
            "iterations": 1, 
            "std_devs": 2
        }, 
        "fit": "Linear", 
        "value": 6.138805183470729
    }, 
    "Ar40": {
        "error": 0.056119278141747796, 
        "filter_outliers_dict": {
            "filter_outliers": true, 
            "iterations": 1, 
            "std_devs": 2
        }, 
        "fit": "Linear", 
        "value": 554.1693005086619
    }, 
    "PM41": {
        "error": 0.06704091781374957, 
        "filter_outliers_dict": {
            "filter_outliers": false, 
            "iterations": 1, 
            "std_devs": 2
        }, 
        "fit": "linear", 
        "value": -0.14762953393445177
    }
}