{
    "Ar36": {
        "error": 0.0003853323201830815, 
        "filter_outliers_dict": {
            "filter_outliers": true, 
            "iterations": 1, 
            "std_devs": 2
        }, 
        "fit": "Linear", 
        "value": 0.01902894975634164
    }, 
    "Ar37": {
        "error": 0.009430306649648782, 
        "filter_outliers_dict": {
            "filter_outliers": true, 
            "iterations": 1, 
            "std_devs": 2
        }, 
        "fit": "linear", 
        "value": 0.04716228109995255
    }, 
    "Ar38": {
        "error": 0.005163997270830806, 
        "filter_outliers_dict": {
            "filter_outliers": true, 
            "iterations": 1, 
            "std_devs": 2
        }, 
        "fit": "linear", 
        "value": 0.04125797612206603
    }, 
    "Ar39": {
        "error": 0.013058168459726287, 
        "filter_outliers_dict": {
            "filter_outliers": true, 
            "iterations": 1, 
            "std_devs": 2
        }, 
        "fit": "Linear", 
        "value": 3.7905802511574422
    }, 
    "Ar40": {
        "error": 0.029856381334530804, 
        "filter_outliers_dict": {
            "filter_outliers": true, 
            "iterations": 1, 
            "std_devs": 2
        }, 
        "fit": "Linear", 
        "value": 330.68084622901426
    }, 
    "PM41": {
        "error": 0.07199971390304762, 
        "filter_outliers_dict": {
            "filter_outliers": false, 
            "iterations": 1, 
            "std_devs": 2
        }, 
        "fit": "linear", 
        "value": -0.1484990042342602
    }
}