{
    "Ar36": {
        "error": 0.00029833097037291047, 
        "filter_outliers_dict": {
            "filter_outliers": true, 
            "iterations": 1, 
            "std_devs": 2
        }, 
        "fit": "Linear", 
        "value": 0.010668378026166917
    }, 
    "Ar37": {
        "error": 0.01109531957449837, 
        "filter_outliers_dict": {
            "filter_outliers": true, 
            "iterations": 1, 
            "std_devs": 2
        }, 
        "fit": "linear", 
        "value": 0.03322247548055545
    }, 
    "Ar38": {
        "error": 0.004187727769637929, 
        "filter_outliers_dict": {
            "filter_outliers": true, 
            "iterations": 1, 
            "std_devs": 2
        }, 
        "fit": "linear", 
        "value": 0.01631037329014656
    }, 
    "Ar39": {
        "error": 0.012734544314266289, 
        "filter_outliers_dict": {
            "filter_outliers": true, 
            "iterations": 1, 
            "std_devs": 2
        }, 
        "fit": "Linear", 
        "value": 1.1095814102450776
    }, 
    "Ar40": {
        "error": 0.020544039076253955, 
        "filter_outliers_dict": {
            "filter_outliers": true, 
            "iterations": 1, 
            "std_devs": 2
        }, 
        "fit": "Linear", 
        "value": 108.00436747555082
    }, 
    "PM41": {
        "error": 0.0670746631697059, 
        "filter_outliers_dict": {
            "filter_outliers": false, 
            "iterations": 1, 
            "std_devs": 2
        }, 
        "fit": "linear", 
        "value": -0.13653000616071376
    }
}