{
    "Ar36": {
        "error": 0.0001961626710255952, 
        "filter_outliers_dict": {
            "filter_outliers": true, 
            "iterations": 1, 
            "std_devs": 2
        }, 
        "fit": "Linear", 
        "value": 0.0065785674390587455
    }, 
    "Ar37": {
        "error": 0.010199665235444187, 
        "filter_outliers_dict": {
            "filter_outliers": true, 
            "iterations": 1, 
            "std_devs": 2
        }, 
        "fit": "linear", 
        "value": 0.0017596950719486009
    }, 
    "Ar38": {
        "error": 0.004404555793297541, 
        "filter_outliers_dict": {
            "filter_outliers": true, 
            "iterations": 1, 
            "std_devs": 2
        }, 
        "fit": "linear", 
        "value": 0.010844188596135585
    }, 
    "Ar39": {
        "error": 0.011110127185955164, 
        "filter_outliers_dict": {
            "filter_outliers": true, 
            "iterations": 1, 
            "std_devs": 2
        }, 
        "fit": "Linear", 
        "value": 2.2099610400990075
    }, 
    "Ar40": {
        "error": 0.04446054188084867, 
        "filter_outliers_dict": {
            "filter_outliers": true, 
            "iterations": 1, 
            "std_devs": 2
        }, 
        "fit": "Linear", 
        "value": 307.496940343809
    }, 
    "PM41": {
        "error": 0.0731165476801957, 
        "filter_outliers_dict": {
            "filter_outliers": false, 
            "iterations": 1, 
            "std_devs": 2
        }, 
        "fit": "linear", 
        "value": -0.1521525229434862
    }
}