{
    "Ar36": {
        "error": 0.0003192628269822419, 
        "filter_outliers_dict": {
            "filter_outliers": true, 
            "iterations": 2, 
            "std_devs": 2
        }, 
        "fit": "Parabolic", 
        "value": 0.020868012811343976
    }, 
    "Ar37": {
        "error": 0.01144596847199921, 
        "filter_outliers_dict": {
            "filter_outliers": true, 
            "iterations": 2, 
            "std_devs": 2
        }, 
        "fit": "linear", 
        "value": -0.2641940489722207
    }, 
    "Ar38": {
        "error": 0.013715532968027527, 
        "filter_outliers_dict": {
            "filter_outliers": true, 
            "iterations": 2, 
            "std_devs": 2
        }, 
        "fit": "linear", 
        "value": -0.09567852213557244
    }, 
    "Ar39": {
        "error": 0.022528588218346385, 
        "filter_outliers_dict": {
            "filter_outliers": true, 
            "iterations": 2, 
            "std_devs": 2
        }, 
        "fit": "Parabolic", 
        "value": 0.3635133129080081
    }, 
    "Ar40": {
        "error": 0.023010340301225424, 
        "filter_outliers_dict": {
            "filter_outliers": true, 
            "iterations": 2, 
            "std_devs": 2
        }, 
        "fit": "Parabolic", 
        "value": 87.9610729133294
    }
}