{
    "Ar36": {
        "error": 0.000578584705102937, 
        "filter_outliers_dict": {
            "filter_outliers": true, 
            "iterations": 2, 
            "std_devs": 2
        }, 
        "fit": "Parabolic", 
        "value": 0.061264609851036114
    }, 
    "Ar37": {
        "error": 0.010253966475518916, 
        "filter_outliers_dict": {
            "filter_outliers": true, 
            "iterations": 2, 
            "std_devs": 2
        }, 
        "fit": "linear", 
        "value": -0.12275171787892858
    }, 
    "Ar38": {
        "error": 0.013951815048662561, 
        "filter_outliers_dict": {
            "filter_outliers": true, 
            "iterations": 2, 
            "std_devs": 2
        }, 
        "fit": "linear", 
        "value": -0.040254145906243925
    }, 
    "Ar39": {
        "error": 0.022972625554909053, 
        "filter_outliers_dict": {
            "filter_outliers": true, 
            "iterations": 2, 
            "std_devs": 2
        }, 
        "fit": "Parabolic", 
        "value": 3.3035026125236016
    }, 
    "Ar40": {
        "error": 0.041967790538709304, 
        "filter_outliers_dict": {
            "filter_outliers": true, 
            "iterations": 2, 
            "std_devs": 2
        }, 
        "fit": "Parabolic", 
        "value": 358.5848147761361
    }
}