{
    "Ar36": {
        "error": 0.0003411144994800593, 
        "filter_outliers_dict": {
            "filter_outliers": true, 
            "iterations": 1, 
            "std_devs": 2
        }, 
        "fit": "Linear", 
        "value": 0.01873473927140929
    }, 
    "Ar37": {
        "error": 0.010161616801662884, 
        "filter_outliers_dict": {
            "filter_outliers": true, 
            "iterations": 1, 
            "std_devs": 2
        }, 
        "fit": "linear", 
        "value": 0.03864814912639235
    }, 
    "Ar38": {
        "error": 0.004791486591252668, 
        "filter_outliers_dict": {
            "filter_outliers": true, 
            "iterations": 1, 
            "std_devs": 2
        }, 
        "fit": "linear", 
        "value": 0.027562028534342527
    }, 
    "Ar39": {
        "error": 0.012829433916070223, 
        "filter_outliers_dict": {
            "filter_outliers": true, 
            "iterations": 1, 
            "std_devs": 2
        }, 
        "fit": "Linear", 
        "value": 2.4528872361160796
    }, 
    "Ar40": {
        "error": 0.025372656250451788, 
        "filter_outliers_dict": {
            "filter_outliers": true, 
            "iterations": 1, 
            "std_devs": 2
        }, 
        "fit": "Linear", 
        "value": 205.90565523457138
    }, 
    "PM41": {
        "error": 0.06286416907170243, 
        "filter_outliers_dict": {
            "filter_outliers": false, 
            "iterations": 1, 
            "std_devs": 2
        }, 
        "fit": "linear", 
        "value": -0.15907988883671081
    }
}