{
    "Ar36": {
        "error": 0.00046364483836434456, 
        "filter_outliers_dict": {
            "filter_outliers": true, 
            "iterations": 2, 
            "std_devs": 2
        }, 
        "fit": "Parabolic", 
        "value": 0.03274694906676215
    }, 
    "Ar37": {
        "error": 0.011262444702592004, 
        "filter_outliers_dict": {
            "filter_outliers": true, 
            "iterations": 2, 
            "std_devs": 2
        }, 
        "fit": "linear", 
        "value": -1.1465021453821502
    }, 
    "Ar38": {
        "error": 0.013043780309349147, 
        "filter_outliers_dict": {
            "filter_outliers": true, 
            "iterations": 2, 
            "std_devs": 2
        }, 
        "fit": "linear", 
        "value": -0.04207051797933728
    }, 
    "Ar39": {
        "error": 0.025230747828875025, 
        "filter_outliers_dict": {
            "filter_outliers": true, 
            "iterations": 2, 
            "std_devs": 2
        }, 
        "fit": "Parabolic", 
        "value": 5.269721073343948
    }, 
    "Ar40": {
        "error": 0.08446734832751848, 
        "filter_outliers_dict": {
            "filter_outliers": true, 
            "iterations": 2, 
            "std_devs": 2
        }, 
        "fit": "Parabolic", 
        "value": 458.2329396963444
    }
}