{
    "Ar36": {
        "error": 0.0010663094745854093, 
        "filter_outliers_dict": {
            "filter_outliers": true, 
            "iterations": 1, 
            "std_devs": 2
        }, 
        "fit": "Linear", 
        "value": 0.32655237418356314
    }, 
    "Ar37": {
        "error": 0.010795653469619302, 
        "filter_outliers_dict": {
            "filter_outliers": true, 
            "iterations": 1, 
            "std_devs": 2
        }, 
        "fit": "linear", 
        "value": 0.017433900416769357
    }, 
    "Ar38": {
        "error": 0.0049356644123768325, 
        "filter_outliers_dict": {
            "filter_outliers": true, 
            "iterations": 1, 
            "std_devs": 2
        }, 
        "fit": "linear", 
        "value": 0.11285414921809427
    }, 
    "Ar39": {
        "error": 0.011868526266442914, 
        "filter_outliers_dict": {
            "filter_outliers": true, 
            "iterations": 1, 
            "std_devs": 2
        }, 
        "fit": "Linear", 
        "value": 0.9357481710254101
    }, 
    "Ar40": {
        "error": 0.025383523327390443, 
        "filter_outliers_dict": {
            "filter_outliers": true, 
            "iterations": 1, 
            "std_devs": 2
        }, 
        "fit": "Linear", 
        "value": 202.77046734236228
    }, 
    "PM41": {
        "error": 0.07399609686179535, 
        "filter_outliers_dict": {
            "filter_outliers": false, 
            "iterations": 1, 
            "std_devs": 2
        }, 
        "fit": "linear", 
        "value": -0.13020958121849935
    }
}