{
    "Ar36": {
        "error": 0.0004442222528476206, 
        "filter_outliers_dict": {
            "filter_outliers": true, 
            "iterations": 1, 
            "std_devs": 2
        }, 
        "fit": "Linear", 
        "value": 0.03906299912199007
    }, 
    "Ar37": {
        "error": 0.009899843419347996, 
        "filter_outliers_dict": {
            "filter_outliers": true, 
            "iterations": 1, 
            "std_devs": 2
        }, 
        "fit": "linear", 
        "value": 0.030758849184880255
    }, 
    "Ar38": {
        "error": 0.004296381809426659, 
        "filter_outliers_dict": {
            "filter_outliers": true, 
            "iterations": 1, 
            "std_devs": 2
        }, 
        "fit": "linear", 
        "value": 0.051220390497722874
    }, 
    "Ar39": {
        "error": 0.013933662782678321, 
        "filter_outliers_dict": {
            "filter_outliers": true, 
            "iterations": 1, 
            "std_devs": 2
        }, 
        "fit": "Linear", 
        "value": 3.288587710918139
    }, 
    "Ar40": {
        "error": 0.027597201292070522, 
        "filter_outliers_dict": {
            "filter_outliers": true, 
            "iterations": 1, 
            "std_devs": 2
        }, 
        "fit": "Linear", 
        "value": 274.8291502105345
    }, 
    "PM41": {
        "error": 0.0676525368970998, 
        "filter_outliers_dict": {
            "filter_outliers": false, 
            "iterations": 1, 
            "std_devs": 2
        }, 
        "fit": "linear", 
        "value": -0.14163851173421105
    }
}