{
    "Ar36": {
        "error": 0.000559358879569967, 
        "filter_outliers_dict": {
            "filter_outliers": true, 
            "iterations": 1, 
            "std_devs": 2
        }, 
        "fit": "Linear", 
        "value": 0.072518457850219
    }, 
    "Ar37": {
        "error": 0.00876211204810364, 
        "filter_outliers_dict": {
            "filter_outliers": true, 
            "iterations": 1, 
            "std_devs": 2
        }, 
        "fit": "linear", 
        "value": 0.024877438212921807
    }, 
    "Ar38": {
        "error": 0.004518232016262171, 
        "filter_outliers_dict": {
            "filter_outliers": true, 
            "iterations": 1, 
            "std_devs": 2
        }, 
        "fit": "linear", 
        "value": 0.29299697111020745
    }, 
    "Ar39": {
        "error": 0.011101084616499085, 
        "filter_outliers_dict": {
            "filter_outliers": true, 
            "iterations": 1, 
            "std_devs": 2
        }, 
        "fit": "Linear", 
        "value": 20.258256891721956
    }, 
    "Ar40": {
        "error": 0.06809674766368613, 
        "filter_outliers_dict": {
            "filter_outliers": true, 
            "iterations": 1, 
            "std_devs": 2
        }, 
        "fit": "Linear", 
        "value": 1628.2943699314753
    }, 
    "Ar41": {
        "error": 0.006075791018437641, 
        "filter_outliers_dict": {
            "filter_outliers": true, 
            "iterations": 1, 
            "std_devs": 2
        }, 
        "fit": "Average", 
        "value": -0.09664624787057707
    }
}