{
    "Ar36": {
        "error": 0.00027763372615725927, 
        "filter_outliers_dict": {
            "filter_outliers": true, 
            "iterations": 2, 
            "std_devs": 2
        }, 
        "fit": "Parabolic", 
        "value": 0.01235903702339462
    }, 
    "Ar37": {
        "error": 0.012079438752101254, 
        "filter_outliers_dict": {
            "filter_outliers": true, 
            "iterations": 2, 
            "std_devs": 2
        }, 
        "fit": "linear", 
        "value": -0.09373576904227073
    }, 
    "Ar38": {
        "error": 0.012841723869494838, 
        "filter_outliers_dict": {
            "filter_outliers": true, 
            "iterations": 2, 
            "std_devs": 2
        }, 
        "fit": "linear", 
        "value": -0.10050850430357387
    }, 
    "Ar39": {
        "error": 0.022475982903255327, 
        "filter_outliers_dict": {
            "filter_outliers": true, 
            "iterations": 2, 
            "std_devs": 2
        }, 
        "fit": "Parabolic", 
        "value": 1.0440568163256523
    }, 
    "Ar40": {
        "error": 0.030178105609777496, 
        "filter_outliers_dict": {
            "filter_outliers": true, 
            "iterations": 2, 
            "std_devs": 2
        }, 
        "fit": "Parabolic", 
        "value": 163.92490394800467
    }
}