{
    "Ar36": {
        "error": 0.00044032296616019546, 
        "filter_outliers_dict": {
            "filter_outliers": true, 
            "iterations": 2, 
            "std_devs": 2
        }, 
        "fit": "Parabolic", 
        "value": 0.03265209294236524
    }, 
    "Ar37": {
        "error": 0.010719002110687582, 
        "filter_outliers_dict": {
            "filter_outliers": true, 
            "iterations": 2, 
            "std_devs": 2
        }, 
        "fit": "linear", 
        "value": -0.09313393350796205
    }, 
    "Ar38": {
        "error": 0.013614486229609337, 
        "filter_outliers_dict": {
            "filter_outliers": true, 
            "iterations": 2, 
            "std_devs": 2
        }, 
        "fit": "linear", 
        "value": -0.04330823766933585
    }, 
    "Ar39": {
        "error": 0.023030999322840893, 
        "filter_outliers_dict": {
            "filter_outliers": true, 
            "iterations": 2, 
            "std_devs": 2
        }, 
        "fit": "Parabolic", 
        "value": 4.1227421153609125
    }, 
    "Ar40": {
        "error": 0.06817382606347548, 
        "filter_outliers_dict": {
            "filter_outliers": true, 
            "iterations": 2, 
            "std_devs": 2
        }, 
        "fit": "Parabolic", 
        "value": 1078.9327669598606
    }
}