{
    "Ar36": {
        "error": 0.0007110359488329385, 
        "filter_outliers_dict": {
            "filter_outliers": true, 
            "iterations": 1, 
            "std_devs": 2
        }, 
        "fit": "Linear", 
        "value": 0.08657777057004741
    }, 
    "Ar37": {
        "error": 0.010314783546781841, 
        "filter_outliers_dict": {
            "filter_outliers": true, 
            "iterations": 1, 
            "std_devs": 2
        }, 
        "fit": "linear", 
        "value": 0.026403989065147366
    }, 
    "Ar38": {
        "error": 0.004467545596983633, 
        "filter_outliers_dict": {
            "filter_outliers": true, 
            "iterations": 1, 
            "std_devs": 2
        }, 
        "fit": "linear", 
        "value": 0.0848710939860505
    }, 
    "Ar39": {
        "error": 0.012665381162447507, 
        "filter_outliers_dict": {
            "filter_outliers": true, 
            "iterations": 1, 
            "std_devs": 2
        }, 
        "fit": "Linear", 
        "value": 5.7770349386710755
    }, 
    "Ar40": {
        "error": 0.060117742618671755, 
        "filter_outliers_dict": {
            "filter_outliers": true, 
            "iterations": 1, 
            "std_devs": 2
        }, 
        "fit": "Linear", 
        "value": 979.347611385209
    }, 
    "PM41": {
        "error": 0.07477307475777475, 
        "filter_outliers_dict": {
            "filter_outliers": false, 
            "iterations": 1, 
            "std_devs": 2
        }, 
        "fit": "linear", 
        "value": -0.11700439221205282
    }
}