{
    "Ar36": {
        "error": 0.00023163462974945737, 
        "filter_outliers_dict": {
            "filter_outliers": true, 
            "iterations": 2, 
            "std_devs": 2
        }, 
        "fit": "Parabolic", 
        "value": 0.0087019982483609
    }, 
    "Ar37": {
        "error": 0.010741652772555621, 
        "filter_outliers_dict": {
            "filter_outliers": true, 
            "iterations": 2, 
            "std_devs": 2
        }, 
        "fit": "linear", 
        "value": -0.08452939302442426
    }, 
    "Ar38": {
        "error": 0.011510724402445077, 
        "filter_outliers_dict": {
            "filter_outliers": true, 
            "iterations": 2, 
            "std_devs": 2
        }, 
        "fit": "linear", 
        "value": -0.07778346025158026
    }, 
    "Ar39": {
        "error": 0.02287818182603534, 
        "filter_outliers_dict": {
            "filter_outliers": true, 
            "iterations": 2, 
            "std_devs": 2
        }, 
        "fit": "Parabolic", 
        "value": 0.9303374893721147
    }, 
    "Ar40": {
        "error": 0.026215346097771763, 
        "filter_outliers_dict": {
            "filter_outliers": true, 
            "iterations": 2, 
            "std_devs": 2
        }, 
        "fit": "Parabolic", 
        "value": 152.310164031738
    }
}