{
    "Ar36": {
        "error": 0.0004014694748029123, 
        "filter_outliers_dict": {
            "filter_outliers": true, 
            "iterations": 1, 
            "std_devs": 2
        }, 
        "fit": "Linear", 
        "value": 0.0259024965488582
    }, 
    "Ar37": {
        "error": 0.010110093117437382, 
        "filter_outliers_dict": {
            "filter_outliers": true, 
            "iterations": 1, 
            "std_devs": 2
        }, 
        "fit": "linear", 
        "value": 0.01066234906583408
    }, 
    "Ar38": {
        "error": 0.004412377021425283, 
        "filter_outliers_dict": {
            "filter_outliers": true, 
            "iterations": 1, 
            "std_devs": 2
        }, 
        "fit": "linear", 
        "value": 0.11885272903437291
    }, 
    "Ar39": {
        "error": 0.013163619452698986, 
        "filter_outliers_dict": {
            "filter_outliers": true, 
            "iterations": 1, 
            "std_devs": 2
        }, 
        "fit": "Linear", 
        "value": 10.687057042896035
    }, 
    "Ar40": {
        "error": 0.11902336778173439, 
        "filter_outliers_dict": {
            "filter_outliers": true, 
            "iterations": 1, 
            "std_devs": 2
        }, 
        "fit": "Linear", 
        "value": 2533.4838741002714
    }, 
    "PM41": {
        "error": 0.06656833337197282, 
        "filter_outliers_dict": {
            "filter_outliers": false, 
            "iterations": 1, 
            "std_devs": 2
        }, 
        "fit": "linear", 
        "value": -0.030733264855102107
    }
}