{
    "Ar36": {
        "error": 0.000310045613299105, 
        "filter_outliers_dict": {
            "filter_outliers": true, 
            "iterations": 2, 
            "std_devs": 2
        }, 
        "fit": "Parabolic", 
        "value": 0.02101308912560062
    }, 
    "Ar37": {
        "error": 0.011054110993858987, 
        "filter_outliers_dict": {
            "filter_outliers": true, 
            "iterations": 2, 
            "std_devs": 2
        }, 
        "fit": "linear", 
        "value": -0.26664882903557136
    }, 
    "Ar38": {
        "error": 0.01198415289037328, 
        "filter_outliers_dict": {
            "filter_outliers": true, 
            "iterations": 2, 
            "std_devs": 2
        }, 
        "fit": "linear", 
        "value": -0.10248464733906507
    }, 
    "Ar39": {
        "error": 0.022237061682251143, 
        "filter_outliers_dict": {
            "filter_outliers": true, 
            "iterations": 2, 
            "std_devs": 2
        }, 
        "fit": "Parabolic", 
        "value": 0.03572452603917717
    }, 
    "Ar40": {
        "error": 0.018803472321561987, 
        "filter_outliers_dict": {
            "filter_outliers": true, 
            "iterations": 2, 
            "std_devs": 2
        }, 
        "fit": "Parabolic", 
        "value": 16.787954146945978
    }
}