{
    "Ar36": {
        "error": 0.0002462454846816984, 
        "filter_outliers_dict": {
            "filter_outliers": true, 
            "iterations": 1, 
            "std_devs": 2
        }, 
        "fit": "Linear", 
        "value": 0.005963601787202675
    }, 
    "Ar37": {
        "error": 0.009835453850897083, 
        "filter_outliers_dict": {
            "filter_outliers": true, 
            "iterations": 1, 
            "std_devs": 2
        }, 
        "fit": "linear", 
        "value": 0.036661620607578285
    }, 
    "Ar38": {
        "error": 0.004106675828501712, 
        "filter_outliers_dict": {
            "filter_outliers": true, 
            "iterations": 1, 
            "std_devs": 2
        }, 
        "fit": "linear", 
        "value": -0.020212806125867653
    }, 
    "Ar39": {
        "error": 0.011184744960654011, 
        "filter_outliers_dict": {
            "filter_outliers": true, 
            "iterations": 1, 
            "std_devs": 2
        }, 
        "fit": "Linear", 
        "value": 0.23284078552023973
    }, 
    "Ar40": {
        "error": 0.015750402529167856, 
        "filter_outliers_dict": {
            "filter_outliers": true, 
            "iterations": 1, 
            "std_devs": 2
        }, 
        "fit": "Linear", 
        "value": 66.83068699535727
    }, 
    "PM41": {
        "error": 0.07824307272365283, 
        "filter_outliers_dict": {
            "filter_outliers": false, 
            "iterations": 1, 
            "std_devs": 2
        }, 
        "fit": "linear", 
        "value": -0.1586111342797951
    }
}