{
    "Ar36": {
        "error": 0.0004581839791483558, 
        "filter_outliers_dict": {
            "filter_outliers": true, 
            "iterations": 2, 
            "std_devs": 2
        }, 
        "fit": "Parabolic", 
        "value": 0.0553697967218596
    }, 
    "Ar37": {
        "error": 0.011981111297320435, 
        "filter_outliers_dict": {
            "filter_outliers": true, 
            "iterations": 2, 
            "std_devs": 2
        }, 
        "fit": "linear", 
        "value": -0.29047035607074967
    }, 
    "Ar38": {
        "error": 0.011485038723033476, 
        "filter_outliers_dict": {
            "filter_outliers": true, 
            "iterations": 2, 
            "std_devs": 2
        }, 
        "fit": "linear", 
        "value": -0.09139471956729503
    }, 
    "Ar39": {
        "error": 0.022611292439572165, 
        "filter_outliers_dict": {
            "filter_outliers": true, 
            "iterations": 2, 
            "std_devs": 2
        }, 
        "fit": "Parabolic", 
        "value": 2.0478265306035555
    }, 
    "Ar40": {
        "error": 0.04292670268468195, 
        "filter_outliers_dict": {
            "filter_outliers": true, 
            "iterations": 2, 
            "std_devs": 2
        }, 
        "fit": "Parabolic", 
        "value": 434.69535395986753
    }
}