{
    "Ar36": {
        "error": 0.00020298096909349367, 
        "filter_outliers_dict": {
            "filter_outliers": true, 
            "iterations": 1, 
            "std_devs": 2
        }, 
        "fit": "Linear", 
        "value": 0.0043041487284141465
    }, 
    "Ar37": {
        "error": 0.010664189257503133, 
        "filter_outliers_dict": {
            "filter_outliers": true, 
            "iterations": 1, 
            "std_devs": 2
        }, 
        "fit": "linear", 
        "value": 0.013322456682011239
    }, 
    "Ar38": {
        "error": 0.004415784241414075, 
        "filter_outliers_dict": {
            "filter_outliers": true, 
            "iterations": 1, 
            "std_devs": 2
        }, 
        "fit": "linear", 
        "value": -0.010715288992612294
    }, 
    "Ar39": {
        "error": 0.011326688397752065, 
        "filter_outliers_dict": {
            "filter_outliers": true, 
            "iterations": 1, 
            "std_devs": 2
        }, 
        "fit": "Linear", 
        "value": -0.04009088766389558
    }, 
    "Ar40": {
        "error": 0.025208567431010957, 
        "filter_outliers_dict": {
            "filter_outliers": true, 
            "iterations": 1, 
            "std_devs": 2
        }, 
        "fit": "Linear", 
        "value": 2.91929961141476
    }, 
    "PM41": {
        "error": 0.0749807324301601, 
        "filter_outliers_dict": {
            "filter_outliers": false, 
            "iterations": 1, 
            "std_devs": 2
        }, 
        "fit": "linear", 
        "value": -0.18747356738899518
    }
}