{
    "Ar36": {
        "error": 0.0003185880751036648, 
        "filter_outliers_dict": {
            "filter_outliers": true, 
            "iterations": 1, 
            "std_devs": 2
        }, 
        "fit": "Linear", 
        "value": 0.01585962266281984
    }, 
    "Ar37": {
        "error": 0.00992331948563054, 
        "filter_outliers_dict": {
            "filter_outliers": true, 
            "iterations": 1, 
            "std_devs": 2
        }, 
        "fit": "linear", 
        "value": 0.026046314918860235
    }, 
    "Ar38": {
        "error": 0.003873143731028127, 
        "filter_outliers_dict": {
            "filter_outliers": true, 
            "iterations": 1, 
            "std_devs": 2
        }, 
        "fit": "linear", 
        "value": 0.04796078576751981
    }, 
    "Ar39": {
        "error": 0.012331298917641866, 
        "filter_outliers_dict": {
            "filter_outliers": true, 
            "iterations": 1, 
            "std_devs": 2
        }, 
        "fit": "Linear", 
        "value": 3.8170882069816128
    }, 
    "Ar40": {
        "error": 0.04871698283278886, 
        "filter_outliers_dict": {
            "filter_outliers": true, 
            "iterations": 1, 
            "std_devs": 2
        }, 
        "fit": "Linear", 
        "value": 920.2419233571794
    }, 
    "Ar41": {
        "error": 0.005748713128051088, 
        "filter_outliers_dict": {
            "filter_outliers": true, 
            "iterations": 1, 
            "std_devs": 2
        }, 
        "fit": "Average", 
        "value": -0.14268268190692399
    }
}