{
    "Ar36": {
        "error": 0.00033638179210241287, 
        "filter_outliers_dict": {
            "filter_outliers": true, 
            "iterations": 1, 
            "std_devs": 2
        }, 
        "fit": "Linear", 
        "value": 0.016507058517131978
    }, 
    "Ar37": {
        "error": 0.011471394452308563, 
        "filter_outliers_dict": {
            "filter_outliers": true, 
            "iterations": 1, 
            "std_devs": 2
        }, 
        "fit": "linear", 
        "value": 0.01506051238311131
    }, 
    "Ar38": {
        "error": 0.004517787309634801, 
        "filter_outliers_dict": {
            "filter_outliers": true, 
            "iterations": 1, 
            "std_devs": 2
        }, 
        "fit": "linear", 
        "value": 0.039393196935109266
    }, 
    "Ar39": {
        "error": 0.012384764144259585, 
        "filter_outliers_dict": {
            "filter_outliers": true, 
            "iterations": 1, 
            "std_devs": 2
        }, 
        "fit": "Linear", 
        "value": 3.361862176526512
    }, 
    "Ar40": {
        "error": 0.05903392382833466, 
        "filter_outliers_dict": {
            "filter_outliers": true, 
            "iterations": 1, 
            "std_devs": 2
        }, 
        "fit": "Linear", 
        "value": 791.6358272271696
    }, 
    "Ar41": {
        "error": 0.005438002274615784, 
        "filter_outliers_dict": {
            "filter_outliers": true, 
            "iterations": 1, 
            "std_devs": 2
        }, 
        "fit": "Average", 
        "value": -0.13126865363949125
    }
}