{
    "Ar36": {
        "error": 0.00029565272785313197, 
        "filter_outliers_dict": {
            "filter_outliers": true, 
            "iterations": 2, 
            "std_devs": 2
        }, 
        "fit": "Parabolic", 
        "value": 0.013654700418594724
    }, 
    "Ar37": {
        "error": 0.011092983969492673, 
        "filter_outliers_dict": {
            "filter_outliers": true, 
            "iterations": 2, 
            "std_devs": 2
        }, 
        "fit": "linear", 
        "value": -0.32992566089487296
    }, 
    "Ar38": {
        "error": 0.01284744900066591, 
        "filter_outliers_dict": {
            "filter_outliers": true, 
            "iterations": 2, 
            "std_devs": 2
        }, 
        "fit": "linear", 
        "value": -0.08534831408958257
    }, 
    "Ar39": {
        "error": 0.02145769617232191, 
        "filter_outliers_dict": {
            "filter_outliers": true, 
            "iterations": 2, 
            "std_devs": 2
        }, 
        "fit": "Parabolic", 
        "value": 1.5258241502244863
    }, 
    "Ar40": {
        "error": 0.03648236547179823, 
        "filter_outliers_dict": {
            "filter_outliers": true, 
            "iterations": 2, 
            "std_devs": 2
        }, 
        "fit": "Parabolic", 
        "value": 283.8867025329321
    }
}