{
    "Ar36": {
        "error": 0.000246262043586584, 
        "filter_outliers_dict": {
            "filter_outliers": true, 
            "iterations": 1, 
            "std_devs": 2
        }, 
        "fit": "Linear", 
        "value": 0.006075503215549061
    }, 
    "Ar37": {
        "error": 0.010199430482546816, 
        "filter_outliers_dict": {
            "filter_outliers": true, 
            "iterations": 1, 
            "std_devs": 2
        }, 
        "fit": "linear", 
        "value": 0.023901726871530436
    }, 
    "Ar38": {
        "error": 0.004054025910804661, 
        "filter_outliers_dict": {
            "filter_outliers": true, 
            "iterations": 1, 
            "std_devs": 2
        }, 
        "fit": "linear", 
        "value": 0.11269273614668707
    }, 
    "Ar39": {
        "error": 0.014071610763426272, 
        "filter_outliers_dict": {
            "filter_outliers": true, 
            "iterations": 1, 
            "std_devs": 2
        }, 
        "fit": "Linear", 
        "value": 9.769784392314515
    }, 
    "Ar40": {
        "error": 0.07519276146028074, 
        "filter_outliers_dict": {
            "filter_outliers": true, 
            "iterations": 1, 
            "std_devs": 2
        }, 
        "fit": "Linear", 
        "value": 781.7245700862674
    }, 
    "PM41": {
        "error": 0.06630512350690472, 
        "filter_outliers_dict": {
            "filter_outliers": false, 
            "iterations": 1, 
            "std_devs": 2
        }, 
        "fit": "linear", 
        "value": -0.15355184595596744
    }
}