{
    "Ar36": {
        "error": 0.00020865064838594696, 
        "filter_outliers_dict": {
            "filter_outliers": true, 
            "iterations": 1, 
            "std_devs": 2
        }, 
        "fit": "Linear", 
        "value": 0.004645529938039577
    }, 
    "Ar37": {
        "error": 0.011213378972415833, 
        "filter_outliers_dict": {
            "filter_outliers": true, 
            "iterations": 1, 
            "std_devs": 2
        }, 
        "fit": "linear", 
        "value": 0.025034589340833975
    }, 
    "Ar38": {
        "error": 0.004412505434788386, 
        "filter_outliers_dict": {
            "filter_outliers": true, 
            "iterations": 1, 
            "std_devs": 2
        }, 
        "fit": "linear", 
        "value": -0.007318065905981438
    }, 
    "Ar39": {
        "error": 0.01137885490659055, 
        "filter_outliers_dict": {
            "filter_outliers": true, 
            "iterations": 1, 
            "std_devs": 2
        }, 
        "fit": "Linear", 
        "value": 0.016184060454137866
    }, 
    "Ar40": {
        "error": 0.024778145933286207, 
        "filter_outliers_dict": {
            "filter_outliers": true, 
            "iterations": 1, 
            "std_devs": 2
        }, 
        "fit": "Linear", 
        "value": 5.834369127820871
    }, 
    "PM41": {
        "error": 0.0744053220519234, 
        "filter_outliers_dict": {
            "filter_outliers": false, 
            "iterations": 1, 
            "std_devs": 2
        }, 
        "fit": "linear", 
        "value": -0.15547127770373484
    }
}