{
    "Ar36": {
        "error": 0.0010825082941794129, 
        "filter_outliers_dict": {
            "filter_outliers": true, 
            "iterations": 1, 
            "std_devs": 2
        }, 
        "fit": "Linear", 
        "value": 0.17942306086750617
    }, 
    "Ar37": {
        "error": 0.008017690751111474, 
        "filter_outliers_dict": {
            "filter_outliers": true, 
            "iterations": 1, 
            "std_devs": 2
        }, 
        "fit": "linear", 
        "value": -0.0020968837805522655
    }, 
    "Ar38": {
        "error": 0.004618172872964344, 
        "filter_outliers_dict": {
            "filter_outliers": true, 
            "iterations": 1, 
            "std_devs": 2
        }, 
        "fit": "linear", 
        "value": 0.3339082900501252
    }, 
    "Ar39": {
        "error": 0.014637086851678643, 
        "filter_outliers_dict": {
            "filter_outliers": true, 
            "iterations": 1, 
            "std_devs": 2
        }, 
        "fit": "Linear", 
        "value": 20.09141969979348
    }, 
    "Ar40": {
        "error": 0.10935340242073642, 
        "filter_outliers_dict": {
            "filter_outliers": true, 
            "iterations": 1, 
            "std_devs": 2
        }, 
        "fit": "Linear", 
        "value": 1650.094690557939
    }, 
    "PM41": {
        "error": 0.07885893580398755, 
        "filter_outliers_dict": {
            "filter_outliers": false, 
            "iterations": 1, 
            "std_devs": 2
        }, 
        "fit": "linear", 
        "value": -0.07606686409490407
    }
}