{
    "Ar36": {
        "error": 0.0006027200661244509, 
        "filter_outliers_dict": {
            "filter_outliers": true, 
            "iterations": 1, 
            "std_devs": 2
        }, 
        "fit": "Linear", 
        "value": 0.025589957638394594
    }, 
    "Ar37": {
        "error": 0.017983089935683094, 
        "filter_outliers_dict": {
            "filter_outliers": true, 
            "iterations": 1, 
            "std_devs": 2
        }, 
        "fit": "linear", 
        "value": 0.03461145202203913
    }, 
    "Ar38": {
        "error": 0.006677336394203653, 
        "filter_outliers_dict": {
            "filter_outliers": true, 
            "iterations": 1, 
            "std_devs": 2
        }, 
        "fit": "linear", 
        "value": 0.01935349255183779
    }, 
    "Ar39": {
        "error": 0.016424787963989586, 
        "filter_outliers_dict": {
            "filter_outliers": true, 
            "iterations": 1, 
            "std_devs": 2
        }, 
        "fit": "Linear", 
        "value": 1.468243896365736
    }, 
    "Ar40": {
        "error": 0.06544993701056649, 
        "filter_outliers_dict": {
            "filter_outliers": true, 
            "iterations": 1, 
            "std_devs": 2
        }, 
        "fit": "Linear", 
        "value": 127.15526303146557
    }, 
    "PM41": {
        "error": 0.08550777350944931, 
        "filter_outliers_dict": {
            "filter_outliers": false, 
            "iterations": 1, 
            "std_devs": 2
        }, 
        "fit": "linear", 
        "value": -0.08882675495584579
    }
}