{
    "Ar36": {
        "error": 0.0003322754798425846, 
        "filter_outliers_dict": {
            "filter_outliers": true, 
            "iterations": 1, 
            "std_devs": 2
        }, 
        "fit": "Linear", 
        "value": 0.013618054370043433
    }, 
    "Ar37": {
        "error": 0.010008460775447002, 
        "filter_outliers_dict": {
            "filter_outliers": true, 
            "iterations": 1, 
            "std_devs": 2
        }, 
        "fit": "linear", 
        "value": 0.03249572542167084
    }, 
    "Ar38": {
        "error": 0.005132546500925227, 
        "filter_outliers_dict": {
            "filter_outliers": true, 
            "iterations": 1, 
            "std_devs": 2
        }, 
        "fit": "linear", 
        "value": 0.051424076324576795
    }, 
    "Ar39": {
        "error": 0.012996408473252332, 
        "filter_outliers_dict": {
            "filter_outliers": true, 
            "iterations": 1, 
            "std_devs": 2
        }, 
        "fit": "Linear", 
        "value": 4.252038150391625
    }, 
    "Ar40": {
        "error": 0.061040167844594484, 
        "filter_outliers_dict": {
            "filter_outliers": true, 
            "iterations": 1, 
            "std_devs": 2
        }, 
        "fit": "Linear", 
        "value": 530.1933697082527
    }, 
    "PM41": {
        "error": 0.07022435122217055, 
        "filter_outliers_dict": {
            "filter_outliers": false, 
            "iterations": 1, 
            "std_devs": 2
        }, 
        "fit": "linear", 
        "value": -0.11307746177526458
    }
}