{
    "Ar36": {
        "error": 0.00024977071147058694, 
        "filter_outliers_dict": {
            "filter_outliers": true, 
            "iterations": 1, 
            "std_devs": 2
        }, 
        "fit": "Linear", 
        "value": 0.007729311885203523
    }, 
    "Ar37": {
        "error": 0.009626945663371635, 
        "filter_outliers_dict": {
            "filter_outliers": true, 
            "iterations": 1, 
            "std_devs": 2
        }, 
        "fit": "linear", 
        "value": 0.03197697006998214
    }, 
    "Ar38": {
        "error": 0.004500964377785703, 
        "filter_outliers_dict": {
            "filter_outliers": true, 
            "iterations": 1, 
            "std_devs": 2
        }, 
        "fit": "linear", 
        "value": -0.010620001370552013
    }, 
    "Ar39": {
        "error": 0.01084876010680702, 
        "filter_outliers_dict": {
            "filter_outliers": true, 
            "iterations": 1, 
            "std_devs": 2
        }, 
        "fit": "Linear", 
        "value": -0.028928520659684872
    }, 
    "Ar40": {
        "error": 0.02510858563921393, 
        "filter_outliers_dict": {
            "filter_outliers": true, 
            "iterations": 1, 
            "std_devs": 2
        }, 
        "fit": "Linear", 
        "value": 11.956984721647997
    }, 
    "PM41": {
        "error": 0.054993929078825124, 
        "filter_outliers_dict": {
            "filter_outliers": false, 
            "iterations": 1, 
            "std_devs": 2
        }, 
        "fit": "linear", 
        "value": -0.13305685554734037
    }
}