{
    "Ar36": {
        "error": 0.00020185651924591922, 
        "filter_outliers_dict": {
            "filter_outliers": true, 
            "iterations": 1, 
            "std_devs": 2
        }, 
        "fit": "Linear", 
        "value": 0.0043846878634901795
    }, 
    "Ar37": {
        "error": 0.010828971294124327, 
        "filter_outliers_dict": {
            "filter_outliers": true, 
            "iterations": 1, 
            "std_devs": 2
        }, 
        "fit": "linear", 
        "value": 0.03780371427273689
    }, 
    "Ar38": {
        "error": 0.004426807530482448, 
        "filter_outliers_dict": {
            "filter_outliers": true, 
            "iterations": 1, 
            "std_devs": 2
        }, 
        "fit": "linear", 
        "value": -0.012434949182845509
    }, 
    "Ar39": {
        "error": 0.010524584974772792, 
        "filter_outliers_dict": {
            "filter_outliers": true, 
            "iterations": 1, 
            "std_devs": 2
        }, 
        "fit": "Linear", 
        "value": -0.04489176124729416
    }, 
    "Ar40": {
        "error": 0.025515949540146368, 
        "filter_outliers_dict": {
            "filter_outliers": true, 
            "iterations": 1, 
            "std_devs": 2
        }, 
        "fit": "Linear", 
        "value": 0.2914901741567495
    }, 
    "PM41": {
        "error": 0.06947006450378647, 
        "filter_outliers_dict": {
            "filter_outliers": false, 
            "iterations": 1, 
            "std_devs": 2
        }, 
        "fit": "linear", 
        "value": -0.14387007572596444
    }
}