{
    "Ar36": {
        "error": 0.0013251317269876992, 
        "filter_outliers_dict": {
            "filter_outliers": true, 
            "iterations": 1, 
            "std_devs": 2
        }, 
        "fit": "Linear", 
        "value": 0.32268640265150367
    }, 
    "Ar37": {
        "error": 0.01035166511617252, 
        "filter_outliers_dict": {
            "filter_outliers": true, 
            "iterations": 1, 
            "std_devs": 2
        }, 
        "fit": "linear", 
        "value": 0.03323368155498322
    }, 
    "Ar38": {
        "error": 0.006250628846920262, 
        "filter_outliers_dict": {
            "filter_outliers": true, 
            "iterations": 1, 
            "std_devs": 2
        }, 
        "fit": "linear", 
        "value": 0.12693688322987887
    }, 
    "Ar39": {
        "error": 0.011906258080820587, 
        "filter_outliers_dict": {
            "filter_outliers": true, 
            "iterations": 1, 
            "std_devs": 2
        }, 
        "fit": "Linear", 
        "value": 4.315185291814325
    }, 
    "Ar40": {
        "error": 0.058535068495901094, 
        "filter_outliers_dict": {
            "filter_outliers": true, 
            "iterations": 1, 
            "std_devs": 2
        }, 
        "fit": "Linear", 
        "value": 534.4832236516318
    }, 
    "PM41": {
        "error": 0.13594309257932036, 
        "filter_outliers_dict": {
            "filter_outliers": false, 
            "iterations": 1, 
            "std_devs": 2
        }, 
        "fit": "linear", 
        "value": -0.031217875938355868
    }
}