{
    "Ar36": {
        "error": 0.00021658421868306748, 
        "filter_outliers_dict": {
            "filter_outliers": true, 
            "iterations": 1, 
            "std_devs": 2
        }, 
        "fit": "Linear", 
        "value": 0.006653968157713297
    }, 
    "Ar37": {
        "error": 0.008940469401635101, 
        "filter_outliers_dict": {
            "filter_outliers": true, 
            "iterations": 1, 
            "std_devs": 2
        }, 
        "fit": "linear", 
        "value": 0.0334022350528872
    }, 
    "Ar38": {
        "error": 0.004809740993956772, 
        "filter_outliers_dict": {
            "filter_outliers": true, 
            "iterations": 1, 
            "std_devs": 2
        }, 
        "fit": "linear", 
        "value": -0.008453042957890877
    }, 
    "Ar39": {
        "error": 0.012754760806411022, 
        "filter_outliers_dict": {
            "filter_outliers": true, 
            "iterations": 1, 
            "std_devs": 2
        }, 
        "fit": "Linear", 
        "value": 0.35015837099805464
    }, 
    "Ar40": {
        "error": 0.026828603080943893, 
        "filter_outliers_dict": {
            "filter_outliers": true, 
            "iterations": 1, 
            "std_devs": 2
        }, 
        "fit": "Linear", 
        "value": 44.57865713800241
    }, 
    "PM41": {
        "error": 0.06780404400405111, 
        "filter_outliers_dict": {
            "filter_outliers": false, 
            "iterations": 1, 
            "std_devs": 2
        }, 
        "fit": "linear", 
        "value": -0.15949856881563093
    }
}