{
    "Ar36": {
        "error": 0.0003007956076673441, 
        "filter_outliers_dict": {
            "filter_outliers": true, 
            "iterations": 1, 
            "std_devs": 2
        }, 
        "fit": "Linear", 
        "value": 0.016033401413268405
    }, 
    "Ar37": {
        "error": 0.010972712733815804, 
        "filter_outliers_dict": {
            "filter_outliers": true, 
            "iterations": 1, 
            "std_devs": 2
        }, 
        "fit": "linear", 
        "value": 0.03937158836861503
    }, 
    "Ar38": {
        "error": 0.005370600332345916, 
        "filter_outliers_dict": {
            "filter_outliers": true, 
            "iterations": 1, 
            "std_devs": 2
        }, 
        "fit": "linear", 
        "value": 0.04885201026056152
    }, 
    "Ar39": {
        "error": 0.014356513668001775, 
        "filter_outliers_dict": {
            "filter_outliers": true, 
            "iterations": 1, 
            "std_devs": 2
        }, 
        "fit": "Linear", 
        "value": 4.106889396979495
    }, 
    "Ar40": {
        "error": 0.049766816559199754, 
        "filter_outliers_dict": {
            "filter_outliers": true, 
            "iterations": 1, 
            "std_devs": 2
        }, 
        "fit": "Linear", 
        "value": 427.09392762014
    }, 
    "PM41": {
        "error": 0.06869207993947568, 
        "filter_outliers_dict": {
            "filter_outliers": false, 
            "iterations": 1, 
            "std_devs": 2
        }, 
        "fit": "linear", 
        "value": -0.10704712829860447
    }
}