{
    "Ar36": {
        "error": 0.0035056834969120036, 
        "filter_outliers_dict": {
            "filter_outliers": true, 
            "iterations": 2, 
            "std_devs": 2
        }, 
        "fit": "Parabolic", 
        "value": 2.79826829174697
    }, 
    "Ar37": {
        "error": 0.012733655835307634, 
        "filter_outliers_dict": {
            "filter_outliers": true, 
            "iterations": 2, 
            "std_devs": 2
        }, 
        "fit": "linear", 
        "value": -0.28582371858815414
    }, 
    "Ar38": {
        "error": 0.012480067458985786, 
        "filter_outliers_dict": {
            "filter_outliers": true, 
            "iterations": 2, 
            "std_devs": 2
        }, 
        "fit": "linear", 
        "value": 0.41372189443068885
    }, 
    "Ar39": {
        "error": 0.026448018970407418, 
        "filter_outliers_dict": {
            "filter_outliers": true, 
            "iterations": 2, 
            "std_devs": 2
        }, 
        "fit": "Parabolic", 
        "value": 0.002951812389187184
    }, 
    "Ar40": {
        "error": 0.058086202722078546, 
        "filter_outliers_dict": {
            "filter_outliers": true, 
            "iterations": 2, 
            "std_devs": 2
        }, 
        "fit": "Parabolic", 
        "value": 834.7655297374824
    }
}