{
    "Ar36": {
        "error": 0.0025902113942766532, 
        "filter_outliers_dict": {
            "filter_outliers": true, 
            "iterations": 2, 
            "std_devs": 2
        }, 
        "fit": "Parabolic", 
        "value": 1.4073663736990123
    }, 
    "Ar37": {
        "error": 0.011762654358601648, 
        "filter_outliers_dict": {
            "filter_outliers": true, 
            "iterations": 2, 
            "std_devs": 2
        }, 
        "fit": "linear", 
        "value": -0.2203322735879514
    }, 
    "Ar38": {
        "error": 0.011999906268928322, 
        "filter_outliers_dict": {
            "filter_outliers": true, 
            "iterations": 2, 
            "std_devs": 2
        }, 
        "fit": "linear", 
        "value": 0.2014993326032613
    }, 
    "Ar39": {
        "error": 0.024336175100392668, 
        "filter_outliers_dict": {
            "filter_outliers": true, 
            "iterations": 2, 
            "std_devs": 2
        }, 
        "fit": "Parabolic", 
        "value": -0.03910599082371631
    }, 
    "Ar40": {
        "error": 0.044405818556608724, 
        "filter_outliers_dict": {
            "filter_outliers": true, 
            "iterations": 2, 
            "std_devs": 2
        }, 
        "fit": "Parabolic", 
        "value": 417.67771959929803
    }
}