{
    "Ar36": {
        "error": 0.0009959318357538516, 
        "filter_outliers_dict": {
            "filter_outliers": true, 
            "iterations": 1, 
            "std_devs": 2
        }, 
        "fit": "Parabolic", 
        "value": 0.3184515806261624
    }, 
    "Ar37": {
        "error": 0.005061403524867003, 
        "filter_outliers_dict": {
            "filter_outliers": true, 
            "iterations": 1, 
            "std_devs": 2
        }, 
        "fit": "linear", 
        "value": 0.012185477506642265
    }, 
    "Ar38": {
        "error": 0.002310467892459535, 
        "filter_outliers_dict": {
            "filter_outliers": true, 
            "iterations": 1, 
            "std_devs": 2
        }, 
        "fit": "linear", 
        "value": 0.052367983807765646
    }, 
    "Ar39": {
        "error": 0.008700553108258692, 
        "filter_outliers_dict": {
            "filter_outliers": true, 
            "iterations": 1, 
            "std_devs": 2
        }, 
        "fit": "Parabolic", 
        "value": -0.011826996610106102
    }, 
    "Ar40": {
        "error": 0.01375154218056348, 
        "filter_outliers_dict": {
            "filter_outliers": true, 
            "iterations": 1, 
            "std_devs": 2
        }, 
        "fit": "Parabolic", 
        "value": 94.15565860810614
    }, 
    "Ar41": {
        "error": 0.006736115703366762, 
        "filter_outliers_dict": {
            "filter_outliers": true, 
            "iterations": 1, 
            "std_devs": 2
        }, 
        "fit": "linear", 
        "value": -0.16118800331554067
    }
}