{
    "Ar36": {
        "error": 0.0010243547427303845, 
        "filter_outliers_dict": {
            "filter_outliers": true, 
            "iterations": 1, 
            "std_devs": 2
        }, 
        "fit": "Parabolic", 
        "value": 0.3169191562452558
    }, 
    "Ar37": {
        "error": 0.00439193742840655, 
        "filter_outliers_dict": {
            "filter_outliers": true, 
            "iterations": 1, 
            "std_devs": 2
        }, 
        "fit": "linear", 
        "value": 0.01417286622672308
    }, 
    "Ar38": {
        "error": 0.0021630915865770576, 
        "filter_outliers_dict": {
            "filter_outliers": true, 
            "iterations": 1, 
            "std_devs": 2
        }, 
        "fit": "linear", 
        "value": 0.05365671773611213
    }, 
    "Ar39": {
        "error": 0.00826064089906247, 
        "filter_outliers_dict": {
            "filter_outliers": true, 
            "iterations": 1, 
            "std_devs": 2
        }, 
        "fit": "Parabolic", 
        "value": -0.0179892083517866
    }, 
    "Ar40": {
        "error": 0.012994466647308094, 
        "filter_outliers_dict": {
            "filter_outliers": true, 
            "iterations": 1, 
            "std_devs": 2
        }, 
        "fit": "Parabolic", 
        "value": 93.94719617963665
    }, 
    "Ar41": {
        "error": 0.006082323400101854, 
        "filter_outliers_dict": {
            "filter_outliers": true, 
            "iterations": 1, 
            "std_devs": 2
        }, 
        "fit": "linear", 
        "value": -0.14670724646351901
    }
}