{
    "AX": {
        "error": 0.005464425659932185, 
        "filter_outliers_dict": {
            "filter_outliers": true, 
            "iterations": 1, 
            "std_devs": 2
        }, 
        "fit": "average", 
        "value": -0.08701715319347648
    }, 
    "CDD": {
        "error": 4.834377437439847e-06, 
        "filter_outliers_dict": {
            "filter_outliers": true, 
            "iterations": 1, 
            "std_devs": 10
        }, 
        "fit": "average", 
        "value": 9.9243607467758e-06
    }, 
    "H1": {
        "error": 0.015896104746368104, 
        "filter_outliers_dict": {
            "filter_outliers": true, 
            "iterations": 1, 
            "std_devs": 2
        }, 
        "fit": "average", 
        "value": -1.0043542219703887
    }, 
    "H2": {
        "error": 0.006175532757983489, 
        "filter_outliers_dict": {
            "filter_outliers": true, 
            "iterations": 1, 
            "std_devs": 2
        }, 
        "fit": "average", 
        "value": -0.21958927597176708
    }, 
    "L1": {
        "error": 0.0021656868115251396, 
        "filter_outliers_dict": {
            "filter_outliers": true, 
            "iterations": 1, 
            "std_devs": 2
        }, 
        "fit": "average", 
        "value": -0.031061104794973683
    }, 
    "L2": {
        "error": 0.005896838748878539, 
        "filter_outliers_dict": {
            "filter_outliers": true, 
            "iterations": 1, 
            "std_devs": 2
        }, 
        "fit": "average", 
        "value": -0.03216321565212196
    }
}