{
    "AX": {
        "error": 0.013315581899969259, 
        "filter_outliers_dict": {
            "filter_outliers": true, 
            "iterations": 1, 
            "std_devs": 2
        }, 
        "fit": "average", 
        "value": -0.11386420778498482
    }, 
    "H1": {
        "error": 0.011700665073821911, 
        "filter_outliers_dict": {
            "filter_outliers": true, 
            "iterations": 1, 
            "std_devs": 2
        }, 
        "fit": "average", 
        "value": -0.024151887462652125
    }, 
    "H2": {
        "error": 0.008536371264414177, 
        "filter_outliers_dict": {
            "filter_outliers": true, 
            "iterations": 1, 
            "std_devs": 2
        }, 
        "fit": "average", 
        "value": -0.01238710503524983
    }, 
    "L1": {
        "error": 0.011390496242763715, 
        "filter_outliers_dict": {
            "filter_outliers": true, 
            "iterations": 1, 
            "std_devs": 2
        }, 
        "fit": "average", 
        "value": -0.45805195124632203
    }, 
    "L2(CDD)": {
        "error": 5.104888031059354e-06, 
        "filter_outliers_dict": {
            "filter_outliers": true, 
            "iterations": 1, 
            "std_devs": 2
        }, 
        "fit": "average", 
        "value": 2.2653897205733073e-05
    }
}