{
    "AX": {
        "error": 0.011652343170822668, 
        "filter_outliers_dict": {
            "filter_outliers": true, 
            "iterations": 1, 
            "std_devs": 2
        }, 
        "fit": "average", 
        "value": -0.10334696922493167
    }, 
    "H1": {
        "error": 0.012407516840608231, 
        "filter_outliers_dict": {
            "filter_outliers": true, 
            "iterations": 1, 
            "std_devs": 2
        }, 
        "fit": "average", 
        "value": -0.0401388317367821
    }, 
    "H2": {
        "error": 0.010181269550857535, 
        "filter_outliers_dict": {
            "filter_outliers": true, 
            "iterations": 1, 
            "std_devs": 2
        }, 
        "fit": "average", 
        "value": 0.010578730704342405
    }, 
    "L1": {
        "error": 0.009162247494520163, 
        "filter_outliers_dict": {
            "filter_outliers": true, 
            "iterations": 1, 
            "std_devs": 2
        }, 
        "fit": "average", 
        "value": -0.45185511015295665
    }, 
    "L2(CDD)": {
        "error": 6.3493274799927495e-06, 
        "filter_outliers_dict": {
            "filter_outliers": true, 
            "iterations": 1, 
            "std_devs": 2
        }, 
        "fit": "average", 
        "value": 3.931117456288975e-05
    }
}