{
    "AX": {
        "error": 0.004646607725526491, 
        "filter_outliers_dict": {
            "filter_outliers": true, 
            "iterations": 1, 
            "std_devs": 2
        }, 
        "fit": "average", 
        "value": -0.06332779679163607
    }, 
    "CDD": {
        "error": 3.5903044060520424e-06, 
        "filter_outliers_dict": {
            "filter_outliers": true, 
            "iterations": 1, 
            "std_devs": 10
        }, 
        "fit": "average", 
        "value": 1.1152301913564223e-05
    }, 
    "H1": {
        "error": 0.003113299856727349, 
        "filter_outliers_dict": {
            "filter_outliers": true, 
            "iterations": 1, 
            "std_devs": 2
        }, 
        "fit": "average", 
        "value": 0.06820727553843606
    }, 
    "H2": {
        "error": 0.0028401803627778784, 
        "filter_outliers_dict": {
            "filter_outliers": true, 
            "iterations": 1, 
            "std_devs": 2
        }, 
        "fit": "average", 
        "value": -0.09304748664951161
    }, 
    "L1": {
        "error": 0.0017086865912851453, 
        "filter_outliers_dict": {
            "filter_outliers": true, 
            "iterations": 1, 
            "std_devs": 2
        }, 
        "fit": "average", 
        "value": -0.025187975609067773
    }, 
    "L2": {
        "error": 0.004187820305152396, 
        "filter_outliers_dict": {
            "filter_outliers": true, 
            "iterations": 1, 
            "std_devs": 2
        }, 
        "fit": "average", 
        "value": -0.03102109622139305
    }
}