{
    "AX": {
        "error": 0.006258783912140718, 
        "filter_outliers_dict": {
            "filter_outliers": true, 
            "iterations": 1, 
            "std_devs": 2
        }, 
        "fit": "average", 
        "value": -0.07610651249742205
    }, 
    "CDD": {
        "error": 1.3896958438922308e-05, 
        "filter_outliers_dict": {
            "filter_outliers": true, 
            "iterations": 1, 
            "std_devs": 10
        }, 
        "fit": "average", 
        "value": 6.698943541932094e-05
    }, 
    "H1": {
        "error": 0.012770883190020415, 
        "filter_outliers_dict": {
            "filter_outliers": true, 
            "iterations": 1, 
            "std_devs": 2
        }, 
        "fit": "average", 
        "value": 0.031572647682068904
    }, 
    "H2": {
        "error": 0.007547252278452389, 
        "filter_outliers_dict": {
            "filter_outliers": true, 
            "iterations": 1, 
            "std_devs": 2
        }, 
        "fit": "average", 
        "value": -0.18836801731283762
    }, 
    "L1": {
        "error": 0.002682917558908596, 
        "filter_outliers_dict": {
            "filter_outliers": true, 
            "iterations": 1, 
            "std_devs": 2
        }, 
        "fit": "average", 
        "value": -0.01977131964567836
    }, 
    "L2": {
        "error": 0.0064492354268036916, 
        "filter_outliers_dict": {
            "filter_outliers": true, 
            "iterations": 1, 
            "std_devs": 2
        }, 
        "fit": "average", 
        "value": -0.026869300126142026
    }
}