{
    "Ar36": {
        "error": 0.00020567724388157528, 
        "filter_outliers_dict": {
            "filter_outliers": true, 
            "iterations": 2, 
            "std_devs": 2
        }, 
        "fit": "Parabolic", 
        "value": 0.0017590093396971651
    }, 
    "Ar37": {
        "error": 0.011752716205601565, 
        "filter_outliers_dict": {
            "filter_outliers": true, 
            "iterations": 2, 
            "std_devs": 2
        }, 
        "fit": "linear", 
        "value": -1.1990231985737991
    }, 
    "Ar38": {
        "error": 0.012770221763591874, 
        "filter_outliers_dict": {
            "filter_outliers": true, 
            "iterations": 2, 
            "std_devs": 2
        }, 
        "fit": "linear", 
        "value": -0.10925206226785826
    }, 
    "Ar39": {
        "error": 0.0259897172661815, 
        "filter_outliers_dict": {
            "filter_outliers": true, 
            "iterations": 2, 
            "std_devs": 2
        }, 
        "fit": "Parabolic", 
        "value": -0.11927919120770145
    }, 
    "Ar40": {
        "error": 0.020413500090034523, 
        "filter_outliers_dict": {
            "filter_outliers": true, 
            "iterations": 2, 
            "std_devs": 2
        }, 
        "fit": "Parabolic", 
        "value": 0.3744959961631026
    }
}